{
  "name": "shopping-cart",
  "version": "0.0.0",
  "lockfileVersion": 3,
  "requires": true,
  "packages": {
    "": {
      "name": "shopping-cart",
      "version": "0.0.0",
      "dependencies": {
        "vue": "^3.4.27",
        "vue-router": "^4.4.3"
      },
      "devDependencies": {
        "@vitejs/plugin-vue": "^5.0.5",
        "autoprefixer": "^10.4.19",
        "postcss": "^8.4.38",
        "tailwindcss": "^3.4.3",
        "vite": "^5.2.12"
      }
    },
    "node_modules/@alloc/quick-lru": {
      "version": "5.2.0",
      "resolved": "https://registry.npmjs.org/@alloc/quick-lru/-/quick-lru-5.2.0.tgz",
      "integrity": "sha512-UrcABB+4bUrFABwbluTIBErXwvbsU/V7TZWfmbgJfbkwiBuziS9gxdODUyuiecfdGQ85jglMW6juS3+z5TsKLw==",
      "dev": true,
      "license": "MIT",
      "engines": {
        "node": ">=10"
      },
      "funding": {
        "url": "https://github.com/sponsors/sindresorhus"
      }
    },
    "node_modules/@babel/helper-string-parser": {
      "version": "7.24.8",
      "resolved": "https://registry.npmjs.org/@babel/helper-string-parser/-/helper-string-parser-7.24.8.tgz",
      "integrity": "sha512-pO9KhhRcuUyGnJWwyEgnRJTSIZHiT+vMD0kPeD+so0l7mxkMT19g3pjY9GTnHySck/hDzq+dtW/4VgnMkippsQ==",
      "license": "MIT",
      "engines": {
        "node": ">=6.9.0"
      }
    },
    "node_modules/@babel/helper-validator-identifier": {
      "version": "7.24.7",
      "resolved": "https://registry.npmjs.org/@babel/helper-validator-identifier/-/helper-validator-identifier-7.24.7.tgz",
      "integrity": "sha512-rR+PBcQ1SMQDDyF6X0wxtG8QyLCgUB0eRAGguqRLfkCA87l7yAP7ehq8SNj96OOGTO8OBV70KhuFYcIkHXOg0w==",
      "license": "MIT",
      "engines": {
        "node": ">=6.9.0"
      }
    },
    "node_modules/@babel/parser": {
      "version": "7.25.4",
      "resolved": "https://registry.npmjs.org/@babel/parser/-/parser-7.25.4.tgz",
      "integrity": "sha512-nq+eWrOgdtu3jG5Os4TQP3x3cLA8hR8TvJNjD8vnPa20WGycimcparWnLK4jJhElTK6SDyuJo1weMKO/5LpmLA==",
      "license": "MIT",
      "dependencies": {
        "@babel/types": "^7.25.4"
      },
      "bin": {
        "parser": "bin/babel-parser.js"
      },
      "engines": {
        "node": ">=6.0.0"
      }
    },
    "node_modules/@babel/types": {
      "version": "7.25.4",
      "resolved": "https://registry.npmjs.org/@babel/types/-/types-7.25.4.tgz",
      "integrity": "sha512-zQ1ijeeCXVEh+aNL0RlmkPkG8HUiDcU2pzQQFjtbntgAczRASFzj4H+6+bV+dy1ntKR14I/DypeuRG1uma98iQ==",
      "license": "MIT",
      "dependencies": {
        "@babel/helper-string-parser": "^7.24.8",
        "@babel/helper-validator-identifier": "^7.24.7",
        "to-fast-properties": "^2.0.0"
      },
      "engines": {
        "node": ">=6.9.0"
      }
    },
    "node_modules/@esbuild/aix-ppc64": {
      "version": "0.21.5",
      "resolved": "https://registry.npmjs.org/@esbuild/aix-ppc64/-/aix-ppc64-0.21.5.tgz",
      "integrity": "sha512-1SDgH6ZSPTlggy1yI6+Dbkiz8xzpHJEVAlF/AM1tHPLsf5STom9rwtjE4hKAF20FfXXNTFqEYXyJNWh1GiZedQ==",
      "cpu": [
        "ppc64"
      ],
      "dev": true,
      "license": "MIT",
      "optional": true,
      "os": [
        "aix"
      ],
      "engines": {
        "node": ">=12"
      }
    },
    "node_modules/@esbuild/android-arm": {
      "version": "0.21.5",
      "resolved": "https://registry.npmjs.org/@esbuild/android-arm/-/android-arm-0.21.5.tgz",
      "integrity": "sha512-vCPvzSjpPHEi1siZdlvAlsPxXl7WbOVUBBAowWug4rJHb68Ox8KualB+1ocNvT5fjv6wpkX6o/iEpbDrf68zcg==",
      "cpu": [
        "arm"
      ],
      "dev": true,
      "license": "MIT",
      "optional": true,
      "os": [
        "android"
      ],
      "engines": {
        "node": ">=12"
      }
    },
    "node_modules/@esbuild/android-arm64": {
      "version": "0.21.5",
      "resolved": "https://registry.npmjs.org/@esbuild/android-arm64/-/android-arm64-0.21.5.tgz",
      "integrity": "sha512-c0uX9VAUBQ7dTDCjq+wdyGLowMdtR/GoC2U5IYk/7D1H1JYC0qseD7+11iMP2mRLN9RcCMRcjC4YMclCzGwS/A==",
      "cpu": [
        "arm64"
      ],
      "dev": true,
      "license": "MIT",
      "optional": true,
      "os": [
        "android"
      ],
      "engines": {
        "node": ">=12"
      }
    },
    "node_modules/@esbuild/android-x64": {
      "version": "0.21.5",
      "resolved": "https://registry.npmjs.org/@esbuild/android-x64/-/android-x64-0.21.5.tgz",
      "integrity": "sha512-D7aPRUUNHRBwHxzxRvp856rjUHRFW1SdQATKXH2hqA0kAZb1hKmi02OpYRacl0TxIGz/ZmXWlbZgjwWYaCakTA==",
      "cpu": [
        "x64"
      ],
      "dev": true,
      "license": "MIT",
      "optional": true,
      "os": [
        "android"
      ],
      "engines": {
        "node": ">=12"
      }
    },
    "node_modules/@esbuild/darwin-arm64": {
      "version": "0.21.5",
      "resolved": "https://registry.npmjs.org/@esbuild/darwin-arm64/-/darwin-arm64-0.21.5.tgz",
      "integrity": "sha512-DwqXqZyuk5AiWWf3UfLiRDJ5EDd49zg6O9wclZ7kUMv2WRFr4HKjXp/5t8JZ11QbQfUS6/cRCKGwYhtNAY88kQ==",
      "cpu": [
        "arm64"
      ],
      "dev": true,
      "license": "MIT",
      "optional": true,
      "os": [
        "darwin"
      ],
      "engines": {
        "node": ">=12"
      }
    },
    "node_modules/@esbuild/darwin-x64": {
      "version": "0.21.5",
      "resolved": "https://registry.npmjs.org/@esbuild/darwin-x64/-/darwin-x64-0.21.5.tgz",
      "integrity": "sha512-se/JjF8NlmKVG4kNIuyWMV/22ZaerB+qaSi5MdrXtd6R08kvs2qCN4C09miupktDitvh8jRFflwGFBQcxZRjbw==",
      "cpu": [
        "x64"
      ],
      "dev": true,
      "license": "MIT",
      "optional": true,
      "os": [
        "darwin"
      ],
      "engines": {
        "node": ">=12"
      }
    },
    "node_modules/@esbuild/freebsd-arm64": {
      "version": "0.21.5",
      "resolved": "https://registry.npmjs.org/@esbuild/freebsd-arm64/-/freebsd-arm64-0.21.5.tgz",
      "integrity": "sha512-5JcRxxRDUJLX8JXp/wcBCy3pENnCgBR9bN6JsY4OmhfUtIHe3ZW0mawA7+RDAcMLrMIZaf03NlQiX9DGyB8h4g==",
      "cpu": [
        "arm64"
      ],
      "dev": true,
      "license": "MIT",
      "optional": true,
      "os": [
        "freebsd"
      ],
      "engines": {
        "node": ">=12"
      }
    },
    "node_modules/@esbuild/freebsd-x64": {
      "version": "0.21.5",
      "resolved": "https://registry.npmjs.org/@esbuild/freebsd-x64/-/freebsd-x64-0.21.5.tgz",
      "integrity": "sha512-J95kNBj1zkbMXtHVH29bBriQygMXqoVQOQYA+ISs0/2l3T9/kj42ow2mpqerRBxDJnmkUDCaQT/dfNXWX/ZZCQ==",
      "cpu": [
        "x64"
      ],
      "dev": true,
      "license": "MIT",
      "optional": true,
      "os": [
        "freebsd"
      ],
      "engines": {
        "node": ">=12"
      }
    },
    "node_modules/@esbuild/linux-arm": {
      "version": "0.21.5",
      "resolved": "https://registry.npmjs.org/@esbuild/linux-arm/-/linux-arm-0.21.5.tgz",
      "integrity": "sha512-bPb5AHZtbeNGjCKVZ9UGqGwo8EUu4cLq68E95A53KlxAPRmUyYv2D6F0uUI65XisGOL1hBP5mTronbgo+0bFcA==",
      "cpu": [
        "arm"
      ],
      "dev": true,
      "license": "MIT",
      "optional": true,
      "os": [
        "linux"
      ],
      "engines": {
        "node": ">=12"
      }
    },
    "node_modules/@esbuild/linux-arm64": {
      "version": "0.21.5",
      "resolved": "https://registry.npmjs.org/@esbuild/linux-arm64/-/linux-arm64-0.21.5.tgz",
      "integrity": "sha512-ibKvmyYzKsBeX8d8I7MH/TMfWDXBF3db4qM6sy+7re0YXya+K1cem3on9XgdT2EQGMu4hQyZhan7TeQ8XkGp4Q==",
      "cpu": [
        "arm64"
      ],
      "dev": true,
      "license": "MIT",
      "optional": true,
      "os": [
        "linux"
      ],
      "engines": {
        "node": ">=12"
      }
    },
    "node_modules/@esbuild/linux-ia32": {
      "version": "0.21.5",
      "resolved": "https://registry.npmjs.org/@esbuild/linux-ia32/-/linux-ia32-0.21.5.tgz",
      "integrity": "sha512-YvjXDqLRqPDl2dvRODYmmhz4rPeVKYvppfGYKSNGdyZkA01046pLWyRKKI3ax8fbJoK5QbxblURkwK/MWY18Tg==",
      "cpu": [
        "ia32"
      ],
      "dev": true,
      "license": "MIT",
      "optional": true,
      "os": [
        "linux"
      ],
      "engines": {
        "node": ">=12"
      }
    },
    "node_modules/@esbuild/linux-loong64": {
      "version": "0.21.5",
      "resolved": "https://registry.npmjs.org/@esbuild/linux-loong64/-/linux-loong64-0.21.5.tgz",
      "integrity": "sha512-uHf1BmMG8qEvzdrzAqg2SIG/02+4/DHB6a9Kbya0XDvwDEKCoC8ZRWI5JJvNdUjtciBGFQ5PuBlpEOXQj+JQSg==",
      "cpu": [
        "loong64"
      ],
      "dev": true,
      "license": "MIT",
      "optional": true,
      "os": [
        "linux"
      ],
      "engines": {
        "node": ">=12"
      }
    },
    "node_modules/@esbuild/linux-mips64el": {
      "version": "0.21.5",
      "resolved": "https://registry.npmjs.org/@esbuild/linux-mips64el/-/linux-mips64el-0.21.5.tgz",
      "integrity": "sha512-IajOmO+KJK23bj52dFSNCMsz1QP1DqM6cwLUv3W1QwyxkyIWecfafnI555fvSGqEKwjMXVLokcV5ygHW5b3Jbg==",
      "cpu": [
        "mips64el"
      ],
      "dev": true,
      "license": "MIT",
      "optional": true,
      "os": [
        "linux"
      ],
      "engines": {
        "node": ">=12"
      }
    },
    "node_modules/@esbuild/linux-ppc64": {
      "version": "0.21.5",
      "resolved": "https://registry.npmjs.org/@esbuild/linux-ppc64/-/linux-ppc64-0.21.5.tgz",
      "integrity": "sha512-1hHV/Z4OEfMwpLO8rp7CvlhBDnjsC3CttJXIhBi+5Aj5r+MBvy4egg7wCbe//hSsT+RvDAG7s81tAvpL2XAE4w==",
      "cpu": [
        "ppc64"
      ],
      "dev": true,
      "license": "MIT",
      "optional": true,
      "os": [
        "linux"
      ],
      "engines": {
        "node": ">=12"
      }
    },
    "node_modules/@esbuild/linux-riscv64": {
      "version": "0.21.5",
      "resolved": "https://registry.npmjs.org/@esbuild/linux-riscv64/-/linux-riscv64-0.21.5.tgz",
      "integrity": "sha512-2HdXDMd9GMgTGrPWnJzP2ALSokE/0O5HhTUvWIbD3YdjME8JwvSCnNGBnTThKGEB91OZhzrJ4qIIxk/SBmyDDA==",
      "cpu": [
        "riscv64"
      ],
      "dev": true,
      "license": "MIT",
      "optional": true,
      "os": [
        "linux"
      ],
      "engines": {
        "node": ">=12"
      }
    },
    "node_modules/@esbuild/linux-s390x": {
      "version": "0.21.5",
      "resolved": "https://registry.npmjs.org/@esbuild/linux-s390x/-/linux-s390x-0.21.5.tgz",
      "integrity": "sha512-zus5sxzqBJD3eXxwvjN1yQkRepANgxE9lgOW2qLnmr8ikMTphkjgXu1HR01K4FJg8h1kEEDAqDcZQtbrRnB41A==",
      "cpu": [
        "s390x"
      ],
      "dev": true,
      "license": "MIT",
      "optional": true,
      "os": [
        "linux"
      ],
      "engines": {
        "node": ">=12"
      }
    },
    "node_modules/@esbuild/linux-x64": {
      "version": "0.21.5",
      "resolved": "https://registry.npmjs.org/@esbuild/linux-x64/-/linux-x64-0.21.5.tgz",
      "integrity": "sha512-1rYdTpyv03iycF1+BhzrzQJCdOuAOtaqHTWJZCWvijKD2N5Xu0TtVC8/+1faWqcP9iBCWOmjmhoH94dH82BxPQ==",
      "cpu": [
        "x64"
      ],
      "dev": true,
      "license": "MIT",
      "optional": true,
      "os": [
        "linux"
      ],
      "engines": {
        "node": ">=12"
      }
    },
    "node_modules/@esbuild/netbsd-x64": {
      "version": "0.21.5",
      "resolved": "https://registry.npmjs.org/@esbuild/netbsd-x64/-/netbsd-x64-0.21.5.tgz",
      "integrity": "sha512-Woi2MXzXjMULccIwMnLciyZH4nCIMpWQAs049KEeMvOcNADVxo0UBIQPfSmxB3CWKedngg7sWZdLvLczpe0tLg==",
      "cpu": [
        "x64"
      ],
      "dev": true,
      "license": "MIT",
      "optional": true,
      "os": [
        "netbsd"
      ],
      "engines": {
        "node": ">=12"
      }
    },
    "node_modules/@esbuild/openbsd-x64": {
      "version": "0.21.5",
      "resolved": "https://registry.npmjs.org/@esbuild/openbsd-x64/-/openbsd-x64-0.21.5.tgz",
      "integrity": "sha512-HLNNw99xsvx12lFBUwoT8EVCsSvRNDVxNpjZ7bPn947b8gJPzeHWyNVhFsaerc0n3TsbOINvRP2byTZ5LKezow==",
      "cpu": [
        "x64"
      ],
      "dev": true,
      "license": "MIT",
      "optional": true,
      "os": [
        "openbsd"
      ],
      "engines": {
        "node": ">=12"
      }
    },
    "node_modules/@esbuild/sunos-x64": {
      "version": "0.21.5",
      "resolved": "https://registry.npmjs.org/@esbuild/sunos-x64/-/sunos-x64-0.21.5.tgz",
      "integrity": "sha512-6+gjmFpfy0BHU5Tpptkuh8+uw3mnrvgs+dSPQXQOv3ekbordwnzTVEb4qnIvQcYXq6gzkyTnoZ9dZG+D4garKg==",
      "cpu": [
        "x64"
      ],
      "dev": true,
      "license": "MIT",
      "optional": true,
      "os": [
        "sunos"
      ],
      "engines": {
        "node": ">=12"
      }
    },
    "node_modules/@esbuild/win32-arm64": {
      "version": "0.21.5",
      "resolved": "https://registry.npmjs.org/@esbuild/win32-arm64/-/win32-arm64-0.21.5.tgz",
      "integrity": "sha512-Z0gOTd75VvXqyq7nsl93zwahcTROgqvuAcYDUr+vOv8uHhNSKROyU961kgtCD1e95IqPKSQKH7tBTslnS3tA8A==",
      "cpu": [
        "arm64"
      ],
      "dev": true,
      "license": "MIT",
      "optional": true,
      "os": [
        "win32"
      ],
      "engines": {
        "node": ">=12"
      }
    },
    "node_modules/@esbuild/win32-ia32": {
      "version": "0.21.5",
      "resolved": "https://registry.npmjs.org/@esbuild/win32-ia32/-/win32-ia32-0.21.5.tgz",
      "integrity": "sha512-SWXFF1CL2RVNMaVs+BBClwtfZSvDgtL//G/smwAc5oVK/UPu2Gu9tIaRgFmYFFKrmg3SyAjSrElf0TiJ1v8fYA==",
      "cpu": [
        "ia32"
      ],
      "dev": true,
      "license": "MIT",
      "optional": true,
      "os": [
        "win32"
      ],
      "engines": {
        "node": ">=12"
      }
    },
    "node_modules/@esbuild/win32-x64": {
      "version": "0.21.5",
      "resolved": "https://registry.npmjs.org/@esbuild/win32-x64/-/win32-x64-0.21.5.tgz",
      "integrity": "sha512-tQd/1efJuzPC6rCFwEvLtci/xNFcTZknmXs98FYDfGE4wP9ClFV98nyKrzJKVPMhdDnjzLhdUyMX4PsQAPjwIw==",
      "cpu": [
        "x64"
      ],
      "dev": true,
      "license": "MIT",
      "optional": true,
      "os": [
        "win32"
      ],
      "engines": {
        "node": ">=12"
      }
    },
    "node_modules/@isaacs/cliui": {
      "version": "8.0.2",
      "resolved": "https://registry.npmjs.org/@isaacs/cliui/-/cliui-8.0.2.tgz",
      "integrity": "sha512-O8jcjabXaleOG9DQ0+ARXWZBTfnP4WNAqzuiJK7ll44AmxGKv/J2M4TPjxjY3znBCfvBXFzucm1twdyFybFqEA==",
      "dev": true,
      "license": "ISC",
      "dependencies": {
        "string-width": "^5.1.2",
        "string-width-cjs": "npm:string-width@^4.2.0",
        "strip-ansi": "^7.0.1",
        "strip-ansi-cjs": "npm:strip-ansi@^6.0.1",
        "wrap-ansi": "^8.1.0",
        "wrap-ansi-cjs": "npm:wrap-ansi@^7.0.0"
      },
      "engines": {
        "node": ">=12"
      }
    },
    "node_modules/@jridgewell/gen-mapping": {
      "version": "0.3.5",
      "resolved": "https://registry.npmjs.org/@jridgewell/gen-mapping/-/gen-mapping-0.3.5.tgz",
      "integrity": "sha512-IzL8ZoEDIBRWEzlCcRhOaCupYyN5gdIK+Q6fbFdPDg6HqX6jpkItn7DFIpW9LQzXG6Df9sA7+OKnq0qlz/GaQg==",
      "dev": true,
      "license": "MIT",
      "dependencies": {
        "@jridgewell/set-array": "^1.2.1",
        "@jridgewell/sourcemap-codec": "^1.4.10",
        "@jridgewell/trace-mapping": "^0.3.24"
      },
      "engines": {
        "node": ">=6.0.0"
      }
    },
    "node_modules/@jridgewell/resolve-uri": {
      "version": "3.1.2",
      "resolved": "https://registry.npmjs.org/@jridgewell/resolve-uri/-/resolve-uri-3.1.2.tgz",
      "integrity": "sha512-bRISgCIjP20/tbWSPWMEi54QVPRZExkuD9lJL+UIxUKtwVJA8wW1Trb1jMs1RFXo1CBTNZ/5hpC9QvmKWdopKw==",
      "dev": true,
      "license": "MIT",
      "engines": {
        "node": ">=6.0.0"
      }
    },
    "node_modules/@jridgewell/set-array": {
      "version": "1.2.1",
      "resolved": "https://registry.npmjs.org/@jridgewell/set-array/-/set-array-1.2.1.tgz",
      "integrity": "sha512-R8gLRTZeyp03ymzP/6Lil/28tGeGEzhx1q2k703KGWRAI1VdvPIXdG70VJc2pAMw3NA6JKL5hhFu1sJX0Mnn/A==",
      "dev": true,
      "license": "MIT",
      "engines": {
        "node": ">=6.0.0"
      }
    },
    "node_modules/@jridgewell/sourcemap-codec": {
      "version": "1.5.0",
      "resolved": "https://registry.npmjs.org/@jridgewell/sourcemap-codec/-/sourcemap-codec-1.5.0.tgz",
      "integrity": "sha512-gv3ZRaISU3fjPAgNsriBRqGWQL6quFx04YMPW/zD8XMLsU32mhCCbfbO6KZFLjvYpCZ8zyDEgqsgf+PwPaM7GQ==",
      "license": "MIT"
    },
    "node_modules/@jridgewell/trace-mapping": {
      "version": "0.3.25",
      "resolved": "https://registry.npmjs.org/@jridgewell/trace-mapping/-/trace-mapping-0.3.25.tgz",
      "integrity": "sha512-vNk6aEwybGtawWmy/PzwnGDOjCkLWSD2wqvjGGAgOAwCGWySYXfYoxt00IJkTF+8Lb57DwOb3Aa0o9CApepiYQ==",
      "dev": true,
      "license": "MIT",
      "dependencies": {
        "@jridgewell/resolve-uri": "^3.1.0",
        "@jridgewell/sourcemap-codec": "^1.4.14"
      }
    },
    "node_modules/@nodelib/fs.scandir": {
      "version": "2.1.5",
      "resolved": "https://registry.npmjs.org/@nodelib/fs.scandir/-/fs.scandir-2.1.5.tgz",
      "integrity": "sha512-vq24Bq3ym5HEQm2NKCr3yXDwjc7vTsEThRDnkp2DK9p1uqLR+DHurm/NOTo0KG7HYHU7eppKZj3MyqYuMBf62g==",
      "dev": true,
      "license": "MIT",
      "dependencies": {
        "@nodelib/fs.stat": "2.0.5",
        "run-parallel": "^1.1.9"
      },
      "engines": {
        "node": ">= 8"
      }
    },
    "node_modules/@nodelib/fs.stat": {
      "version": "2.0.5",
      "resolved": "https://registry.npmjs.org/@nodelib/fs.stat/-/fs.stat-2.0.5.tgz",
      "integrity": "sha512-RkhPPp2zrqDAQA/2jNhnztcPAlv64XdhIp7a7454A5ovI7Bukxgt7MX7udwAu3zg1DcpPU0rz3VV1SeaqvY4+A==",
      "dev": true,
      "license": "MIT",
      "engines": {
        "node": ">= 8"
      }
    },
    "node_modules/@nodelib/fs.walk": {
      "version": "1.2.8",
      "resolved": "https://registry.npmjs.org/@nodelib/fs.walk/-/fs.walk-1.2.8.tgz",
      "integrity": "sha512-oGB+UxlgWcgQkgwo8GcEGwemoTFt3FIO9ababBmaGwXIoBKZ+GTy0pP185beGg7Llih/NSHSV2XAs1lnznocSg==",
      "dev": true,
      "license": "MIT",
      "dependencies": {
        "@nodelib/fs.scandir": "2.1.5",
        "fastq": "^1.6.0"
      },
      "engines": {
        "node": ">= 8"
      }
    },
    "node_modules/@pkgjs/parseargs": {
      "version": "0.11.0",
      "resolved": "https://registry.npmjs.org/@pkgjs/parseargs/-/parseargs-0.11.0.tgz",
      "integrity": "sha512-+1VkjdD0QBLPodGrJUeqarH8VAIvQODIbwh9XpP5Syisf7YoQgsJKPNFoqqLQlu+VQ/tVSshMR6loPMn8U+dPg==",
      "dev": true,
      "license": "MIT",
      "optional": true,
      "engines": {
        "node": ">=14"
      }
    },
    "node_modules/@rollup/rollup-android-arm-eabi": {
      "version": "4.21.1",
      "resolved": "https://registry.npmjs.org/@rollup/rollup-android-arm-eabi/-/rollup-android-arm-eabi-4.21.1.tgz",
      "integrity": "sha512-2thheikVEuU7ZxFXubPDOtspKn1x0yqaYQwvALVtEcvFhMifPADBrgRPyHV0TF3b+9BgvgjgagVyvA/UqPZHmg==",
      "cpu": [
        "arm"
      ],
      "dev": true,
      "license": "MIT",
      "optional": true,
      "os": [
        "android"
      ]
    },
    "node_modules/@rollup/rollup-android-arm64": {
      "version": "4.21.1",
      "resolved": "https://registry.npmjs.org/@rollup/rollup-android-arm64/-/rollup-android-arm64-4.21.1.tgz",
      "integrity": "sha512-t1lLYn4V9WgnIFHXy1d2Di/7gyzBWS8G5pQSXdZqfrdCGTwi1VasRMSS81DTYb+avDs/Zz4A6dzERki5oRYz1g==",
      "cpu": [
        "arm64"
      ],
      "dev": true,
      "license": "MIT",
      "optional": true,
      "os": [
        "android"
      ]
    },
    "node_modules/@rollup/rollup-darwin-arm64": {
      "version": "4.21.1",
      "resolved": "https://registry.npmjs.org/@rollup/rollup-darwin-arm64/-/rollup-darwin-arm64-4.21.1.tgz",
      "integrity": "sha512-AH/wNWSEEHvs6t4iJ3RANxW5ZCK3fUnmf0gyMxWCesY1AlUj8jY7GC+rQE4wd3gwmZ9XDOpL0kcFnCjtN7FXlA==",
      "cpu": [
        "arm64"
      ],
      "dev": true,
      "license": "MIT",
      "optional": true,
      "os": [
        "darwin"
      ]
    },
    "node_modules/@rollup/rollup-darwin-x64": {
      "version": "4.21.1",
      "resolved": "https://registry.npmjs.org/@rollup/rollup-darwin-x64/-/rollup-darwin-x64-4.21.1.tgz",
      "integrity": "sha512-dO0BIz/+5ZdkLZrVgQrDdW7m2RkrLwYTh2YMFG9IpBtlC1x1NPNSXkfczhZieOlOLEqgXOFH3wYHB7PmBtf+Bg==",
      "cpu": [
        "x64"
      ],
      "dev": true,
      "license": "MIT",
      "optional": true,
      "os": [
        "darwin"
      ]
    },
    "node_modules/@rollup/rollup-linux-arm-gnueabihf": {
      "version": "4.21.1",
      "resolved": "https://registry.npmjs.org/@rollup/rollup-linux-arm-gnueabihf/-/rollup-linux-arm-gnueabihf-4.21.1.tgz",
      "integrity": "sha512-sWWgdQ1fq+XKrlda8PsMCfut8caFwZBmhYeoehJ05FdI0YZXk6ZyUjWLrIgbR/VgiGycrFKMMgp7eJ69HOF2pQ==",
      "cpu": [
        "arm"
      ],
      "dev": true,
      "license": "MIT",
      "optional": true,
      "os": [
        "linux"
      ]
    },
    "node_modules/@rollup/rollup-linux-arm-musleabihf": {
      "version": "4.21.1",
      "resolved": "https://registry.npmjs.org/@rollup/rollup-linux-arm-musleabihf/-/rollup-linux-arm-musleabihf-4.21.1.tgz",
      "integrity": "sha512-9OIiSuj5EsYQlmwhmFRA0LRO0dRRjdCVZA3hnmZe1rEwRk11Jy3ECGGq3a7RrVEZ0/pCsYWx8jG3IvcrJ6RCew==",
      "cpu": [
        "arm"
      ],
      "dev": true,
      "license": "MIT",
      "optional": true,
      "os": [
        "linux"
      ]
    },
    "node_modules/@rollup/rollup-linux-arm64-gnu": {
      "version": "4.21.1",
      "resolved": "https://registry.npmjs.org/@rollup/rollup-linux-arm64-gnu/-/rollup-linux-arm64-gnu-4.21.1.tgz",
      "integrity": "sha512-0kuAkRK4MeIUbzQYu63NrJmfoUVicajoRAL1bpwdYIYRcs57iyIV9NLcuyDyDXE2GiZCL4uhKSYAnyWpjZkWow==",
      "cpu": [
        "arm64"
      ],
      "dev": true,
      "license": "MIT",
      "optional": true,
      "os": [
        "linux"
      ]
    },
    "node_modules/@rollup/rollup-linux-arm64-musl": {
      "version": "4.21.1",
      "resolved": "https://registry.npmjs.org/@rollup/rollup-linux-arm64-musl/-/rollup-linux-arm64-musl-4.21.1.tgz",
      "integrity": "sha512-/6dYC9fZtfEY0vozpc5bx1RP4VrtEOhNQGb0HwvYNwXD1BBbwQ5cKIbUVVU7G2d5WRE90NfB922elN8ASXAJEA==",
      "cpu": [
        "arm64"
      ],
      "dev": true,
      "license": "MIT",
      "optional": true,
      "os": [
        "linux"
      ]
    },
    "node_modules/@rollup/rollup-linux-powerpc64le-gnu": {
      "version": "4.21.1",
      "resolved": "https://registry.npmjs.org/@rollup/rollup-linux-powerpc64le-gnu/-/rollup-linux-powerpc64le-gnu-4.21.1.tgz",
      "integrity": "sha512-ltUWy+sHeAh3YZ91NUsV4Xg3uBXAlscQe8ZOXRCVAKLsivGuJsrkawYPUEyCV3DYa9urgJugMLn8Z3Z/6CeyRQ==",
      "cpu": [
        "ppc64"
      ],
      "dev": true,
      "license": "MIT",
      "optional": true,
      "os": [
        "linux"
      ]
    },
    "node_modules/@rollup/rollup-linux-riscv64-gnu": {
      "version": "4.21.1",
      "resolved": "https://registry.npmjs.org/@rollup/rollup-linux-riscv64-gnu/-/rollup-linux-riscv64-gnu-4.21.1.tgz",
      "integrity": "sha512-BggMndzI7Tlv4/abrgLwa/dxNEMn2gC61DCLrTzw8LkpSKel4o+O+gtjbnkevZ18SKkeN3ihRGPuBxjaetWzWg==",
      "cpu": [
        "riscv64"
      ],
      "dev": true,
      "license": "MIT",
      "optional": true,
      "os": [
        "linux"
      ]
    },
    "node_modules/@rollup/rollup-linux-s390x-gnu": {
      "version": "4.21.1",
      "resolved": "https://registry.npmjs.org/@rollup/rollup-linux-s390x-gnu/-/rollup-linux-s390x-gnu-4.21.1.tgz",
      "integrity": "sha512-z/9rtlGd/OMv+gb1mNSjElasMf9yXusAxnRDrBaYB+eS1shFm6/4/xDH1SAISO5729fFKUkJ88TkGPRUh8WSAA==",
      "cpu": [
        "s390x"
      ],
      "dev": true,
      "license": "MIT",
      "optional": true,
      "os": [
        "linux"
      ]
    },
    "node_modules/@rollup/rollup-linux-x64-gnu": {
      "version": "4.21.1",
      "resolved": "https://registry.npmjs.org/@rollup/rollup-linux-x64-gnu/-/rollup-linux-x64-gnu-4.21.1.tgz",
      "integrity": "sha512-kXQVcWqDcDKw0S2E0TmhlTLlUgAmMVqPrJZR+KpH/1ZaZhLSl23GZpQVmawBQGVhyP5WXIsIQ/zqbDBBYmxm5w==",
      "cpu": [
        "x64"
      ],
      "dev": true,
      "license": "MIT",
      "optional": true,
      "os": [
        "linux"
      ]
    },
    "node_modules/@rollup/rollup-linux-x64-musl": {
      "version": "4.21.1",
      "resolved": "https://registry.npmjs.org/@rollup/rollup-linux-x64-musl/-/rollup-linux-x64-musl-4.21.1.tgz",
      "integrity": "sha512-CbFv/WMQsSdl+bpX6rVbzR4kAjSSBuDgCqb1l4J68UYsQNalz5wOqLGYj4ZI0thGpyX5kc+LLZ9CL+kpqDovZA==",
      "cpu": [
        "x64"
      ],
      "dev": true,
      "license": "MIT",
      "optional": true,
      "os": [
        "linux"
      ]
    },
    "node_modules/@rollup/rollup-win32-arm64-msvc": {
      "version": "4.21.1",
      "resolved": "https://registry.npmjs.org/@rollup/rollup-win32-arm64-msvc/-/rollup-win32-arm64-msvc-4.21.1.tgz",
      "integrity": "sha512-3Q3brDgA86gHXWHklrwdREKIrIbxC0ZgU8lwpj0eEKGBQH+31uPqr0P2v11pn0tSIxHvcdOWxa4j+YvLNx1i6g==",
      "cpu": [
        "arm64"
      ],
      "dev": true,
      "license": "MIT",
      "optional": true,
      "os": [
        "win32"
      ]
    },
    "node_modules/@rollup/rollup-win32-ia32-msvc": {
      "version": "4.21.1",
      "resolved": "https://registry.npmjs.org/@rollup/rollup-win32-ia32-msvc/-/rollup-win32-ia32-msvc-4.21.1.tgz",
      "integrity": "sha512-tNg+jJcKR3Uwe4L0/wY3Ro0H+u3nrb04+tcq1GSYzBEmKLeOQF2emk1whxlzNqb6MMrQ2JOcQEpuuiPLyRcSIw==",
      "cpu": [
        "ia32"
      ],
      "dev": true,
      "license": "MIT",
      "optional": true,
      "os": [
        "win32"
      ]
    },
    "node_modules/@rollup/rollup-win32-x64-msvc": {
      "version": "4.21.1",
      "resolved": "https://registry.npmjs.org/@rollup/rollup-win32-x64-msvc/-/rollup-win32-x64-msvc-4.21.1.tgz",
      "integrity": "sha512-xGiIH95H1zU7naUyTKEyOA/I0aexNMUdO9qRv0bLKN3qu25bBdrxZHqA3PTJ24YNN/GdMzG4xkDcd/GvjuhfLg==",
      "cpu": [
        "x64"
      ],
      "dev": true,
      "license": "MIT",
      "optional": true,
      "os": [
        "win32"
      ]
    },
    "node_modules/@types/estree": {
      "version": "1.0.5",
      "resolved": "https://registry.npmjs.org/@types/estree/-/estree-1.0.5.tgz",
      "integrity": "sha512-/kYRxGDLWzHOB7q+wtSUQlFrtcdUccpfy+X+9iMBpHK8QLLhx2wIPYuS5DYtR9Wa/YlZAbIovy7qVdB1Aq6Lyw==",
      "dev": true,
      "license": "MIT"
    },
    "node_modules/@vitejs/plugin-vue": {
      "version": "5.1.2",
      "resolved": "https://registry.npmjs.org/@vitejs/plugin-vue/-/plugin-vue-5.1.2.tgz",
      "integrity": "sha512-nY9IwH12qeiJqumTCLJLE7IiNx7HZ39cbHaysEUd+Myvbz9KAqd2yq+U01Kab1R/H1BmiyM2ShTYlNH32Fzo3A==",
      "dev": true,
      "license": "MIT",
      "engines": {
        "node": "^18.0.0 || >=20.0.0"
      },
      "peerDependencies": {
        "vite": "^5.0.0",
        "vue": "^3.2.25"
      }
    },
    "node_modules/@vue/compiler-core": {
      "version": "3.4.38",
      "resolved": "https://registry.npmjs.org/@vue/compiler-core/-/compiler-core-3.4.38.tgz",
      "integrity": "sha512-8IQOTCWnLFqfHzOGm9+P8OPSEDukgg3Huc92qSG49if/xI2SAwLHQO2qaPQbjCWPBcQoO1WYfXfTACUrWV3c5A==",
      "license": "MIT",
      "dependencies": {
        "@babel/parser": "^7.24.7",
        "@vue/shared": "3.4.38",
        "entities": "^4.5.0",
        "estree-walker": "^2.0.2",
        "source-map-js": "^1.2.0"
      }
    },
    "node_modules/@vue/compiler-dom": {
      "version": "3.4.38",
      "resolved": "https://registry.npmjs.org/@vue/compiler-dom/-/compiler-dom-3.4.38.tgz",
      "integrity": "sha512-Osc/c7ABsHXTsETLgykcOwIxFktHfGSUDkb05V61rocEfsFDcjDLH/IHJSNJP+/Sv9KeN2Lx1V6McZzlSb9EhQ==",
      "license": "MIT",
      "dependencies": {
        "@vue/compiler-core": "3.4.38",
        "@vue/shared": "3.4.38"
      }
    },
    "node_modules/@vue/compiler-sfc": {
      "version": "3.4.38",
      "resolved": "https://registry.npmjs.org/@vue/compiler-sfc/-/compiler-sfc-3.4.38.tgz",
      "integrity": "sha512-s5QfZ+9PzPh3T5H4hsQDJtI8x7zdJaew/dCGgqZ2630XdzaZ3AD8xGZfBqpT8oaD/p2eedd+pL8tD5vvt5ZYJQ==",
      "license": "MIT",
      "dependencies": {
        "@babel/parser": "^7.24.7",
        "@vue/compiler-core": "3.4.38",
        "@vue/compiler-dom": "3.4.38",
        "@vue/compiler-ssr": "3.4.38",
        "@vue/shared": "3.4.38",
        "estree-walker": "^2.0.2",
        "magic-string": "^0.30.10",
        "postcss": "^8.4.40",
        "source-map-js": "^1.2.0"
      }
    },
    "node_modules/@vue/compiler-ssr": {
      "version": "3.4.38",
      "resolved": "https://registry.npmjs.org/@vue/compiler-ssr/-/compiler-ssr-3.4.38.tgz",
      "integrity": "sha512-YXznKFQ8dxYpAz9zLuVvfcXhc31FSPFDcqr0kyujbOwNhlmaNvL2QfIy+RZeJgSn5Fk54CWoEUeW+NVBAogGaw==",
      "license": "MIT",
      "dependencies": {
        "@vue/compiler-dom": "3.4.38",
        "@vue/shared": "3.4.38"
      }
    },
    "node_modules/@vue/devtools-api": {
      "version": "6.6.3",
      "resolved": "https://registry.npmjs.org/@vue/devtools-api/-/devtools-api-6.6.3.tgz",
      "integrity": "sha512-0MiMsFma/HqA6g3KLKn+AGpL1kgKhFWszC9U29NfpWK5LE7bjeXxySWJrOJ77hBz+TBrBQ7o4QJqbPbqbs8rJw==",
      "license": "MIT"
    },
    "node_modules/@vue/reactivity": {
      "version": "3.4.38",
      "resolved": "https://registry.npmjs.org/@vue/reactivity/-/reactivity-3.4.38.tgz",
      "integrity": "sha512-4vl4wMMVniLsSYYeldAKzbk72+D3hUnkw9z8lDeJacTxAkXeDAP1uE9xr2+aKIN0ipOL8EG2GPouVTH6yF7Gnw==",
      "license": "MIT",
      "dependencies": {
        "@vue/shared": "3.4.38"
      }
    },
    "node_modules/@vue/runtime-core": {
      "version": "3.4.38",
      "resolved": "https://registry.npmjs.org/@vue/runtime-core/-/runtime-core-3.4.38.tgz",
      "integrity": "sha512-21z3wA99EABtuf+O3IhdxP0iHgkBs1vuoCAsCKLVJPEjpVqvblwBnTj42vzHRlWDCyxu9ptDm7sI2ZMcWrQqlA==",
      "license": "MIT",
      "dependencies": {
        "@vue/reactivity": "3.4.38",
        "@vue/shared": "3.4.38"
      }
    },
    "node_modules/@vue/runtime-dom": {
      "version": "3.4.38",
      "resolved": "https://registry.npmjs.org/@vue/runtime-dom/-/runtime-dom-3.4.38.tgz",
      "integrity": "sha512-afZzmUreU7vKwKsV17H1NDThEEmdYI+GCAK/KY1U957Ig2NATPVjCROv61R19fjZNzMmiU03n79OMnXyJVN0UA==",
      "license": "MIT",
      "dependencies": {
        "@vue/reactivity": "3.4.38",
        "@vue/runtime-core": "3.4.38",
        "@vue/shared": "3.4.38",
        "csstype": "^3.1.3"
      }
    },
    "node_modules/@vue/server-renderer": {
      "version": "3.4.38",
      "resolved": "https://registry.npmjs.org/@vue/server-renderer/-/server-renderer-3.4.38.tgz",
      "integrity": "sha512-NggOTr82FbPEkkUvBm4fTGcwUY8UuTsnWC/L2YZBmvaQ4C4Jl/Ao4HHTB+l7WnFCt5M/dN3l0XLuyjzswGYVCA==",
      "license": "MIT",
      "dependencies": {
        "@vue/compiler-ssr": "3.4.38",
        "@vue/shared": "3.4.38"
      },
      "peerDependencies": {
        "vue": "3.4.38"
      }
    },
    "node_modules/@vue/shared": {
      "version": "3.4.38",
      "resolved": "https://registry.npmjs.org/@vue/shared/-/shared-3.4.38.tgz",
      "integrity": "sha512-q0xCiLkuWWQLzVrecPb0RMsNWyxICOjPrcrwxTUEHb1fsnvni4dcuyG7RT/Ie7VPTvnjzIaWzRMUBsrqNj/hhw==",
      "license": "MIT"
    },
    "node_modules/ansi-regex": {
      "version": "6.0.1",
      "resolved": "https://registry.npmjs.org/ansi-regex/-/ansi-regex-6.0.1.tgz",
      "integrity": "sha512-n5M855fKb2SsfMIiFFoVrABHJC8QtHwVx+mHWP3QcEqBHYienj5dHSgjbxtC0WEZXYt4wcD6zrQElDPhFuZgfA==",
      "dev": true,
      "license": "MIT",
      "engines": {
        "node": ">=12"
      },
      "funding": {
        "url": "https://github.com/chalk/ansi-regex?sponsor=1"
      }
    },
    "node_modules/ansi-styles": {
      "version": "6.2.1",
      "resolved": "https://registry.npmjs.org/ansi-styles/-/ansi-styles-6.2.1.tgz",
      "integrity": "sha512-bN798gFfQX+viw3R7yrGWRqnrN2oRkEkUjjl4JNn4E8GxxbjtG3FbrEIIY3l8/hrwUwIeCZvi4QuOTP4MErVug==",
      "dev": true,
      "license": "MIT",
      "engines": {
        "node": ">=12"
      },
      "funding": {
        "url": "https://github.com/chalk/ansi-styles?sponsor=1"
      }
    },
    "node_modules/any-promise": {
      "version": "1.3.0",
      "resolved": "https://registry.npmjs.org/any-promise/-/any-promise-1.3.0.tgz",
      "integrity": "sha512-7UvmKalWRt1wgjL1RrGxoSJW/0QZFIegpeGvZG9kjp8vrRu55XTHbwnqq2GpXm9uLbcuhxm3IqX9OB4MZR1b2A==",
      "dev": true,
      "license": "MIT"
    },
    "node_modules/anymatch": {
      "version": "3.1.3",
      "resolved": "https://registry.npmjs.org/anymatch/-/anymatch-3.1.3.tgz",
      "integrity": "sha512-KMReFUr0B4t+D+OBkjR3KYqvocp2XaSzO55UcB6mgQMd3KbcE+mWTyvVV7D/zsdEbNnV6acZUutkiHQXvTr1Rw==",
      "dev": true,
      "license": "ISC",
      "dependencies": {
        "normalize-path": "^3.0.0",
        "picomatch": "^2.0.4"
      },
      "engines": {
        "node": ">= 8"
      }
    },
    "node_modules/arg": {
      "version": "5.0.2",
      "resolved": "https://registry.npmjs.org/arg/-/arg-5.0.2.tgz",
      "integrity": "sha512-PYjyFOLKQ9y57JvQ6QLo8dAgNqswh8M1RMJYdQduT6xbWSgK36P/Z/v+p888pM69jMMfS8Xd8F6I1kQ/I9HUGg==",
      "dev": true,
      "license": "MIT"
    },
    "node_modules/autoprefixer": {
      "version": "10.4.20",
      "resolved": "https://registry.npmjs.org/autoprefixer/-/autoprefixer-10.4.20.tgz",
      "integrity": "sha512-XY25y5xSv/wEoqzDyXXME4AFfkZI0P23z6Fs3YgymDnKJkCGOnkL0iTxCa85UTqaSgfcqyf3UA6+c7wUvx/16g==",
      "dev": true,
      "funding": [
        {
          "type": "opencollective",
          "url": "https://opencollective.com/postcss/"
        },
        {
          "type": "tidelift",
          "url": "https://tidelift.com/funding/github/npm/autoprefixer"
        },
        {
          "type": "github",
          "url": "https://github.com/sponsors/ai"
        }
      ],
      "license": "MIT",
      "dependencies": {
        "browserslist": "^4.23.3",
        "caniuse-lite": "^1.0.30001646",
        "fraction.js": "^4.3.7",
        "normalize-range": "^0.1.2",
        "picocolors": "^1.0.1",
        "postcss-value-parser": "^4.2.0"
      },
      "bin": {
        "autoprefixer": "bin/autoprefixer"
      },
      "engines": {
        "node": "^10 || ^12 || >=14"
      },
      "peerDependencies": {
        "postcss": "^8.1.0"
      }
    },
    "node_modules/balanced-match": {
      "version": "1.0.2",
      "resolved": "https://registry.npmjs.org/balanced-match/-/balanced-match-1.0.2.tgz",
      "integrity": "sha512-3oSeUO0TMV67hN1AmbXsK4yaqU7tjiHlbxRDZOpH0KW9+CeX4bRAaX0Anxt0tx2MrpRpWwQaPwIlISEJhYU5Pw==",
      "dev": true,
      "license": "MIT"
    },
    "node_modules/binary-extensions": {
      "version": "2.3.0",
      "resolved": "https://registry.npmjs.org/binary-extensions/-/binary-extensions-2.3.0.tgz",
      "integrity": "sha512-Ceh+7ox5qe7LJuLHoY0feh3pHuUDHAcRUeyL2VYghZwfpkNIy/+8Ocg0a3UuSoYzavmylwuLWQOf3hl0jjMMIw==",
      "dev": true,
      "license": "MIT",
      "engines": {
        "node": ">=8"
      },
      "funding": {
        "url": "https://github.com/sponsors/sindresorhus"
      }
    },
    "node_modules/brace-expansion": {
      "version": "2.0.1",
      "resolved": "https://registry.npmjs.org/brace-expansion/-/brace-expansion-2.0.1.tgz",
      "integrity": "sha512-XnAIvQ8eM+kC6aULx6wuQiwVsnzsi9d3WxzV3FpWTGA19F621kwdbsAcFKXgKUHZWsy+mY6iL1sHTxWEFCytDA==",
      "dev": true,
      "license": "MIT",
      "dependencies": {
        "balanced-match": "^1.0.0"
      }
    },
    "node_modules/braces": {
      "version": "3.0.3",
      "resolved": "https://registry.npmjs.org/braces/-/braces-3.0.3.tgz",
      "integrity": "sha512-yQbXgO/OSZVD2IsiLlro+7Hf6Q18EJrKSEsdoMzKePKXct3gvD8oLcOQdIzGupr5Fj+EDe8gO/lxc1BzfMpxvA==",
      "dev": true,
      "license": "MIT",
      "dependencies": {
        "fill-range": "^7.1.1"
      },
      "engines": {
        "node": ">=8"
      }
    },
    "node_modules/browserslist": {
      "version": "4.23.3",
      "resolved": "https://registry.npmjs.org/browserslist/-/browserslist-4.23.3.tgz",
      "integrity": "sha512-btwCFJVjI4YWDNfau8RhZ+B1Q/VLoUITrm3RlP6y1tYGWIOa+InuYiRGXUBXo8nA1qKmHMyLB/iVQg5TT4eFoA==",
      "dev": true,
      "funding": [
        {
          "type": "opencollective",
          "url": "https://opencollective.com/browserslist"
        },
        {
          "type": "tidelift",
          "url": "https://tidelift.com/funding/github/npm/browserslist"
        },
        {
          "type": "github",
          "url": "https://github.com/sponsors/ai"
        }
      ],
      "license": "MIT",
      "dependencies": {
        "caniuse-lite": "^1.0.30001646",
        "electron-to-chromium": "^1.5.4",
        "node-releases": "^2.0.18",
        "update-browserslist-db": "^1.1.0"
      },
      "bin": {
        "browserslist": "cli.js"
      },
      "engines": {
        "node": "^6 || ^7 || ^8 || ^9 || ^10 || ^11 || ^12 || >=13.7"
      }
    },
    "node_modules/camelcase-css": {
      "version": "2.0.1",
      "resolved": "https://registry.npmjs.org/camelcase-css/-/camelcase-css-2.0.1.tgz",
      "integrity": "sha512-QOSvevhslijgYwRx6Rv7zKdMF8lbRmx+uQGx2+vDc+KI/eBnsy9kit5aj23AgGu3pa4t9AgwbnXWqS+iOY+2aA==",
      "dev": true,
      "license": "MIT",
      "engines": {
        "node": ">= 6"
      }
    },
    "node_modules/caniuse-lite": {
      "version": "1.0.30001653",
      "resolved": "https://registry.npmjs.org/caniuse-lite/-/caniuse-lite-1.0.30001653.tgz",
      "integrity": "sha512-XGWQVB8wFQ2+9NZwZ10GxTYC5hk0Fa+q8cSkr0tgvMhYhMHP/QC+WTgrePMDBWiWc/pV+1ik82Al20XOK25Gcw==",
      "dev": true,
      "funding": [
        {
          "type": "opencollective",
          "url": "https://opencollective.com/browserslist"
        },
        {
          "type": "tidelift",
          "url": "https://tidelift.com/funding/github/npm/caniuse-lite"
        },
        {
          "type": "github",
          "url": "https://github.com/sponsors/ai"
        }
      ],
      "license": "CC-BY-4.0"
    },
    "node_modules/chokidar": {
      "version": "3.6.0",
      "resolved": "https://registry.npmjs.org/chokidar/-/chokidar-3.6.0.tgz",
      "integrity": "sha512-7VT13fmjotKpGipCW9JEQAusEPE+Ei8nl6/g4FBAmIm0GOOLMua9NDDo/DWp0ZAxCr3cPq5ZpBqmPAQgDda2Pw==",
      "dev": true,
      "license": "MIT",
      "dependencies": {
        "anymatch": "~3.1.2",
        "braces": "~3.0.2",
        "glob-parent": "~5.1.2",
        "is-binary-path": "~2.1.0",
        "is-glob": "~4.0.1",
        "normalize-path": "~3.0.0",
        "readdirp": "~3.6.0"
      },
      "engines": {
        "node": ">= 8.10.0"
      },
      "funding": {
        "url": "https://paulmillr.com/funding/"
      },
      "optionalDependencies": {
        "fsevents": "~2.3.2"
      }
    },
    "node_modules/chokidar/node_modules/glob-parent": {
      "version": "5.1.2",
      "resolved": "https://registry.npmjs.org/glob-parent/-/glob-parent-5.1.2.tgz",
      "integrity": "sha512-AOIgSQCepiJYwP3ARnGx+5VnTu2HBYdzbGP45eLw1vr3zB3vZLeyed1sC9hnbcOc9/SrMyM5RPQrkGz4aS9Zow==",
      "dev": true,
      "license": "ISC",
      "dependencies": {
        "is-glob": "^4.0.1"
      },
      "engines": {
        "node": ">= 6"
      }
    },
    "node_modules/color-convert": {
      "version": "2.0.1",
      "resolved": "https://registry.npmjs.org/color-convert/-/color-convert-2.0.1.tgz",
      "integrity": "sha512-RRECPsj7iu/xb5oKYcsFHSppFNnsj/52OVTRKb4zP5onXwVF3zVmmToNcOfGC+CRDpfK/U584fMg38ZHCaElKQ==",
      "dev": true,
      "license": "MIT",
      "dependencies": {
        "color-name": "~1.1.4"
      },
      "engines": {
        "node": ">=7.0.0"
      }
    },
    "node_modules/color-name": {
      "version": "1.1.4",
      "resolved": "https://registry.npmjs.org/color-name/-/color-name-1.1.4.tgz",
      "integrity": "sha512-dOy+3AuW3a2wNbZHIuMZpTcgjGuLU/uBL/ubcZF9OXbDo8ff4O8yVp5Bf0efS8uEoYo5q4Fx7dY9OgQGXgAsQA==",
      "dev": true,
      "license": "MIT"
    },
    "node_modules/commander": {
      "version": "4.1.1",
      "resolved": "https://registry.npmjs.org/commander/-/commander-4.1.1.tgz",
      "integrity": "sha512-NOKm8xhkzAjzFx8B2v5OAHT+u5pRQc2UCa2Vq9jYL/31o2wi9mxBA7LIFs3sV5VSC49z6pEhfbMULvShKj26WA==",
      "dev": true,
      "license": "MIT",
      "engines": {
        "node": ">= 6"
      }
    },
    "node_modules/cross-spawn": {
      "version": "7.0.3",
      "resolved": "https://registry.npmjs.org/cross-spawn/-/cross-spawn-7.0.3.tgz",
      "integrity": "sha512-iRDPJKUPVEND7dHPO8rkbOnPpyDygcDFtWjpeWNCgy8WP2rXcxXL8TskReQl6OrB2G7+UJrags1q15Fudc7G6w==",
      "dev": true,
      "license": "MIT",
      "dependencies": {
        "path-key": "^3.1.0",
        "shebang-command": "^2.0.0",
        "which": "^2.0.1"
      },
      "engines": {
        "node": ">= 8"
      }
    },
    "node_modules/cssesc": {
      "version": "3.0.0",
      "resolved": "https://registry.npmjs.org/cssesc/-/cssesc-3.0.0.tgz",
      "integrity": "sha512-/Tb/JcjK111nNScGob5MNtsntNM1aCNUDipB/TkwZFhyDrrE47SOx/18wF2bbjgc3ZzCSKW1T5nt5EbFoAz/Vg==",
      "dev": true,
      "license": "MIT",
      "bin": {
        "cssesc": "bin/cssesc"
      },
      "engines": {
        "node": ">=4"
      }
    },
    "node_modules/csstype": {
      "version": "3.1.3",
      "resolved": "https://registry.npmjs.org/csstype/-/csstype-3.1.3.tgz",
      "integrity": "sha512-M1uQkMl8rQK/szD0LNhtqxIPLpimGm8sOBwU7lLnCpSbTyY3yeU1Vc7l4KT5zT4s/yOxHH5O7tIuuLOCnLADRw==",
      "license": "MIT"
    },
    "node_modules/didyoumean": {
      "version": "1.2.2",
      "resolved": "https://registry.npmjs.org/didyoumean/-/didyoumean-1.2.2.tgz",
      "integrity": "sha512-gxtyfqMg7GKyhQmb056K7M3xszy/myH8w+B4RT+QXBQsvAOdc3XymqDDPHx1BgPgsdAA5SIifona89YtRATDzw==",
      "dev": true,
      "license": "Apache-2.0"
    },
    "node_modules/dlv": {
      "version": "1.1.3",
      "resolved": "https://registry.npmjs.org/dlv/-/dlv-1.1.3.tgz",
      "integrity": "sha512-+HlytyjlPKnIG8XuRG8WvmBP8xs8P71y+SKKS6ZXWoEgLuePxtDoUEiH7WkdePWrQ5JBpE6aoVqfZfJUQkjXwA==",
      "dev": true,
      "license": "MIT"
    },
    "node_modules/eastasianwidth": {
      "version": "0.2.0",
      "resolved": "https://registry.npmjs.org/eastasianwidth/-/eastasianwidth-0.2.0.tgz",
      "integrity": "sha512-I88TYZWc9XiYHRQ4/3c5rjjfgkjhLyW2luGIheGERbNQ6OY7yTybanSpDXZa8y7VUP9YmDcYa+eyq4ca7iLqWA==",
      "dev": true,
      "license": "MIT"
    },
    "node_modules/electron-to-chromium": {
      "version": "1.5.13",
      "resolved": "https://registry.npmjs.org/electron-to-chromium/-/electron-to-chromium-1.5.13.tgz",
      "integrity": "sha512-lbBcvtIJ4J6sS4tb5TLp1b4LyfCdMkwStzXPyAgVgTRAsep4bvrAGaBOP7ZJtQMNJpSQ9SqG4brWOroNaQtm7Q==",
      "dev": true,
      "license": "ISC"
    },
    "node_modules/emoji-regex": {
      "version": "9.2.2",
      "resolved": "https://registry.npmjs.org/emoji-regex/-/emoji-regex-9.2.2.tgz",
      "integrity": "sha512-L18DaJsXSUk2+42pv8mLs5jJT2hqFkFE4j21wOmgbUqsZ2hL72NsUU785g9RXgo3s0ZNgVl42TiHp3ZtOv/Vyg==",
      "dev": true,
      "license": "MIT"
    },
    "node_modules/entities": {
      "version": "4.5.0",
      "resolved": "https://registry.npmjs.org/entities/-/entities-4.5.0.tgz",
      "integrity": "sha512-V0hjH4dGPh9Ao5p0MoRY6BVqtwCjhz6vI5LT8AJ55H+4g9/4vbHx1I54fS0XuclLhDHArPQCiMjDxjaL8fPxhw==",
      "license": "BSD-2-Clause",
      "engines": {
        "node": ">=0.12"
      },
      "funding": {
        "url": "https://github.com/fb55/entities?sponsor=1"
      }
    },
    "node_modules/esbuild": {
      "version": "0.21.5",
      "resolved": "https://registry.npmjs.org/esbuild/-/esbuild-0.21.5.tgz",
      "integrity": "sha512-mg3OPMV4hXywwpoDxu3Qda5xCKQi+vCTZq8S9J/EpkhB2HzKXq4SNFZE3+NK93JYxc8VMSep+lOUSC/RVKaBqw==",
      "dev": true,
      "hasInstallScript": true,
      "license": "MIT",
      "bin": {
        "esbuild": "bin/esbuild"
      },
      "engines": {
        "node": ">=12"
      },
      "optionalDependencies": {
        "@esbuild/aix-ppc64": "0.21.5",
        "@esbuild/android-arm": "0.21.5",
        "@esbuild/android-arm64": "0.21.5",
        "@esbuild/android-x64": "0.21.5",
        "@esbuild/darwin-arm64": "0.21.5",
        "@esbuild/darwin-x64": "0.21.5",
        "@esbuild/freebsd-arm64": "0.21.5",
        "@esbuild/freebsd-x64": "0.21.5",
        "@esbuild/linux-arm": "0.21.5",
        "@esbuild/linux-arm64": "0.21.5",
        "@esbuild/linux-ia32": "0.21.5",
        "@esbuild/linux-loong64": "0.21.5",
        "@esbuild/linux-mips64el": "0.21.5",
        "@esbuild/linux-ppc64": "0.21.5",
        "@esbuild/linux-riscv64": "0.21.5",
        "@esbuild/linux-s390x": "0.21.5",
        "@esbuild/linux-x64": "0.21.5",
        "@esbuild/netbsd-x64": "0.21.5",
        "@esbuild/openbsd-x64": "0.21.5",
        "@esbuild/sunos-x64": "0.21.5",
        "@esbuild/win32-arm64": "0.21.5",
        "@esbuild/win32-ia32": "0.21.5",
        "@esbuild/win32-x64": "0.21.5"
      }
    },
    "node_modules/escalade": {
      "version": "3.1.2",
      "resolved": "https://registry.npmjs.org/escalade/-/escalade-3.1.2.tgz",
      "integrity": "sha512-ErCHMCae19vR8vQGe50xIsVomy19rg6gFu3+r3jkEO46suLMWBksvVyoGgQV+jOfl84ZSOSlmv6Gxa89PmTGmA==",
      "dev": true,
      "license": "MIT",
      "engines": {
        "node": ">=6"
      }
    },
    "node_modules/estree-walker": {
      "version": "2.0.2",
      "resolved": "https://registry.npmjs.org/estree-walker/-/estree-walker-2.0.2.tgz",
      "integrity": "sha512-Rfkk/Mp/DL7JVje3u18FxFujQlTNR2q6QfMSMB7AvCBx91NGj/ba3kCfza0f6dVDbw7YlRf/nDrn7pQrCCyQ/w==",
      "license": "MIT"
    },
    "node_modules/fast-glob": {
      "version": "3.3.2",
      "resolved": "https://registry.npmjs.org/fast-glob/-/fast-glob-3.3.2.tgz",
      "integrity": "sha512-oX2ruAFQwf/Orj8m737Y5adxDQO0LAB7/S5MnxCdTNDd4p6BsyIVsv9JQsATbTSq8KHRpLwIHbVlUNatxd+1Ow==",
      "dev": true,
      "license": "MIT",
      "dependencies": {
        "@nodelib/fs.stat": "^2.0.2",
        "@nodelib/fs.walk": "^1.2.3",
        "glob-parent": "^5.1.2",
        "merge2": "^1.3.0",
        "micromatch": "^4.0.4"
      },
      "engines": {
        "node": ">=8.6.0"
      }
    },
    "node_modules/fast-glob/node_modules/glob-parent": {
      "version": "5.1.2",
      "resolved": "https://registry.npmjs.org/glob-parent/-/glob-parent-5.1.2.tgz",
      "integrity": "sha512-AOIgSQCepiJYwP3ARnGx+5VnTu2HBYdzbGP45eLw1vr3zB3vZLeyed1sC9hnbcOc9/SrMyM5RPQrkGz4aS9Zow==",
      "dev": true,
      "license": "ISC",
      "dependencies": {
        "is-glob": "^4.0.1"
      },
      "engines": {
        "node": ">= 6"
      }
    },
    "node_modules/fastq": {
      "version": "1.17.1",
      "resolved": "https://registry.npmjs.org/fastq/-/fastq-1.17.1.tgz",
      "integrity": "sha512-sRVD3lWVIXWg6By68ZN7vho9a1pQcN/WBFaAAsDDFzlJjvoGx0P8z7V1t72grFJfJhu3YPZBuu25f7Kaw2jN1w==",
      "dev": true,
      "license": "ISC",
      "dependencies": {
        "reusify": "^1.0.4"
      }
    },
    "node_modules/fill-range": {
      "version": "7.1.1",
      "resolved": "https://registry.npmjs.org/fill-range/-/fill-range-7.1.1.tgz",
      "integrity": "sha512-YsGpe3WHLK8ZYi4tWDg2Jy3ebRz2rXowDxnld4bkQB00cc/1Zw9AWnC0i9ztDJitivtQvaI9KaLyKrc+hBW0yg==",
      "dev": true,
      "license": "MIT",
      "dependencies": {
        "to-regex-range": "^5.0.1"
      },
      "engines": {
        "node": ">=8"
      }
    },
    "node_modules/foreground-child": {
      "version": "3.3.0",
      "resolved": "https://registry.npmjs.org/foreground-child/-/foreground-child-3.3.0.tgz",
      "integrity": "sha512-Ld2g8rrAyMYFXBhEqMz8ZAHBi4J4uS1i/CxGMDnjyFWddMXLVcDp051DZfu+t7+ab7Wv6SMqpWmyFIj5UbfFvg==",
      "dev": true,
      "license": "ISC",
      "dependencies": {
        "cross-spawn": "^7.0.0",
        "signal-exit": "^4.0.1"
      },
      "engines": {
        "node": ">=14"
      },
      "funding": {
        "url": "https://github.com/sponsors/isaacs"
      }
    },
    "node_modules/fraction.js": {
      "version": "4.3.7",
      "resolved": "https://registry.npmjs.org/fraction.js/-/fraction.js-4.3.7.tgz",
      "integrity": "sha512-ZsDfxO51wGAXREY55a7la9LScWpwv9RxIrYABrlvOFBlH/ShPnrtsXeuUIfXKKOVicNxQ+o8JTbJvjS4M89yew==",
      "dev": true,
      "license": "MIT",
      "engines": {
        "node": "*"
      },
      "funding": {
        "type": "patreon",
        "url": "https://github.com/sponsors/rawify"
      }
    },
    "node_modules/fsevents": {
      "version": "2.3.3",
      "resolved": "https://registry.npmjs.org/fsevents/-/fsevents-2.3.3.tgz",
      "integrity": "sha512-5xoDfX+fL7faATnagmWPpbFtwh/R77WmMMqqHGS65C3vvB0YHrgF+B1YmZ3441tMj5n63k0212XNoJwzlhffQw==",
      "dev": true,
      "hasInstallScript": true,
      "license": "MIT",
      "optional": true,
      "os": [
        "darwin"
      ],
      "engines": {
        "node": "^8.16.0 || ^10.6.0 || >=11.0.0"
      }
    },
    "node_modules/function-bind": {
      "version": "1.1.2",
      "resolved": "https://registry.npmjs.org/function-bind/-/function-bind-1.1.2.tgz",
      "integrity": "sha512-7XHNxH7qX9xG5mIwxkhumTox/MIRNcOgDrxWsMt2pAr23WHp6MrRlN7FBSFpCpr+oVO0F744iUgR82nJMfG2SA==",
      "dev": true,
      "license": "MIT",
      "funding": {
        "url": "https://github.com/sponsors/ljharb"
      }
    },
    "node_modules/glob": {
      "version": "10.4.5",
      "resolved": "https://registry.npmjs.org/glob/-/glob-10.4.5.tgz",
      "integrity": "sha512-7Bv8RF0k6xjo7d4A/PxYLbUCfb6c+Vpd2/mB2yRDlew7Jb5hEXiCD9ibfO7wpk8i4sevK6DFny9h7EYbM3/sHg==",
      "dev": true,
      "license": "ISC",
      "dependencies": {
        "foreground-child": "^3.1.0",
        "jackspeak": "^3.1.2",
        "minimatch": "^9.0.4",
        "minipass": "^7.1.2",
        "package-json-from-dist": "^1.0.0",
        "path-scurry": "^1.11.1"
      },
      "bin": {
        "glob": "dist/esm/bin.mjs"
      },
      "funding": {
        "url": "https://github.com/sponsors/isaacs"
      }
    },
    "node_modules/glob-parent": {
      "version": "6.0.2",
      "resolved": "https://registry.npmjs.org/glob-parent/-/glob-parent-6.0.2.tgz",
      "integrity": "sha512-XxwI8EOhVQgWp6iDL+3b0r86f4d6AX6zSU55HfB4ydCEuXLXc5FcYeOu+nnGftS4TEju/11rt4KJPTMgbfmv4A==",
      "dev": true,
      "license": "ISC",
      "dependencies": {
        "is-glob": "^4.0.3"
      },
      "engines": {
        "node": ">=10.13.0"
      }
    },
    "node_modules/hasown": {
      "version": "2.0.2",
      "resolved": "https://registry.npmjs.org/hasown/-/hasown-2.0.2.tgz",
      "integrity": "sha512-0hJU9SCPvmMzIBdZFqNPXWa6dqh7WdH0cII9y+CyS8rG3nL48Bclra9HmKhVVUHyPWNH5Y7xDwAB7bfgSjkUMQ==",
      "dev": true,
      "license": "MIT",
      "dependencies": {
        "function-bind": "^1.1.2"
      },
      "engines": {
        "node": ">= 0.4"
      }
    },
    "node_modules/is-binary-path": {
      "version": "2.1.0",
      "resolved": "https://registry.npmjs.org/is-binary-path/-/is-binary-path-2.1.0.tgz",
      "integrity": "sha512-ZMERYes6pDydyuGidse7OsHxtbI7WVeUEozgR/g7rd0xUimYNlvZRE/K2MgZTjWy725IfelLeVcEM97mmtRGXw==",
      "dev": true,
      "license": "MIT",
      "dependencies": {
        "binary-extensions": "^2.0.0"
      },
      "engines": {
        "node": ">=8"
      }
    },
    "node_modules/is-core-module": {
      "version": "2.15.1",
      "resolved": "https://registry.npmjs.org/is-core-module/-/is-core-module-2.15.1.tgz",
      "integrity": "sha512-z0vtXSwucUJtANQWldhbtbt7BnL0vxiFjIdDLAatwhDYty2bad6s+rijD6Ri4YuYJubLzIJLUidCh09e1djEVQ==",
      "dev": true,
      "license": "MIT",
      "dependencies": {
        "hasown": "^2.0.2"
      },
      "engines": {
        "node": ">= 0.4"
      },
      "funding": {
        "url": "https://github.com/sponsors/ljharb"
      }
    },
    "node_modules/is-extglob": {
      "version": "2.1.1",
      "resolved": "https://registry.npmjs.org/is-extglob/-/is-extglob-2.1.1.tgz",
      "integrity": "sha512-SbKbANkN603Vi4jEZv49LeVJMn4yGwsbzZworEoyEiutsN3nJYdbO36zfhGJ6QEDpOZIFkDtnq5JRxmvl3jsoQ==",
      "dev": true,
      "license": "MIT",
      "engines": {
        "node": ">=0.10.0"
      }
    },
    "node_modules/is-fullwidth-code-point": {
      "version": "3.0.0",
      "resolved": "https://registry.npmjs.org/is-fullwidth-code-point/-/is-fullwidth-code-point-3.0.0.tgz",
      "integrity": "sha512-zymm5+u+sCsSWyD9qNaejV3DFvhCKclKdizYaJUuHA83RLjb7nSuGnddCHGv0hk+KY7BMAlsWeK4Ueg6EV6XQg==",
      "dev": true,
      "license": "MIT",
      "engines": {
        "node": ">=8"
      }
    },
    "node_modules/is-glob": {
      "version": "4.0.3",
      "resolved": "https://registry.npmjs.org/is-glob/-/is-glob-4.0.3.tgz",
      "integrity": "sha512-xelSayHH36ZgE7ZWhli7pW34hNbNl8Ojv5KVmkJD4hBdD3th8Tfk9vYasLM+mXWOZhFkgZfxhLSnrwRr4elSSg==",
      "dev": true,
      "license": "MIT",
      "dependencies": {
        "is-extglob": "^2.1.1"
      },
      "engines": {
        "node": ">=0.10.0"
      }
    },
    "node_modules/is-number": {
      "version": "7.0.0",
      "resolved": "https://registry.npmjs.org/is-number/-/is-number-7.0.0.tgz",
      "integrity": "sha512-41Cifkg6e8TylSpdtTpeLVMqvSBEVzTttHvERD741+pnZ8ANv0004MRL43QKPDlK9cGvNp6NZWZUBlbGXYxxng==",
      "dev": true,
      "license": "MIT",
      "engines": {
        "node": ">=0.12.0"
      }
    },
    "node_modules/isexe": {
      "version": "2.0.0",
      "resolved": "https://registry.npmjs.org/isexe/-/isexe-2.0.0.tgz",
      "integrity": "sha512-RHxMLp9lnKHGHRng9QFhRCMbYAcVpn69smSGcq3f36xjgVVWThj4qqLbTLlq7Ssj8B+fIQ1EuCEGI2lKsyQeIw==",
      "dev": true,
      "license": "ISC"
    },
    "node_modules/jackspeak": {
      "version": "3.4.3",
      "resolved": "https://registry.npmjs.org/jackspeak/-/jackspeak-3.4.3.tgz",
      "integrity": "sha512-OGlZQpz2yfahA/Rd1Y8Cd9SIEsqvXkLVoSw/cgwhnhFMDbsQFeZYoJJ7bIZBS9BcamUW96asq/npPWugM+RQBw==",
      "dev": true,
      "license": "BlueOak-1.0.0",
      "dependencies": {
        "@isaacs/cliui": "^8.0.2"
      },
      "funding": {
        "url": "https://github.com/sponsors/isaacs"
      },
      "optionalDependencies": {
        "@pkgjs/parseargs": "^0.11.0"
      }
    },
    "node_modules/jiti": {
      "version": "1.21.6",
      "resolved": "https://registry.npmjs.org/jiti/-/jiti-1.21.6.tgz",
      "integrity": "sha512-2yTgeWTWzMWkHu6Jp9NKgePDaYHbntiwvYuuJLbbN9vl7DC9DvXKOB2BC3ZZ92D3cvV/aflH0osDfwpHepQ53w==",
      "dev": true,
      "license": "MIT",
      "bin": {
        "jiti": "bin/jiti.js"
      }
    },
    "node_modules/lilconfig": {
      "version": "2.1.0",
      "resolved": "https://registry.npmjs.org/lilconfig/-/lilconfig-2.1.0.tgz",
      "integrity": "sha512-utWOt/GHzuUxnLKxB6dk81RoOeoNeHgbrXiuGk4yyF5qlRz+iIVWu56E2fqGHFrXz0QNUhLB/8nKqvRH66JKGQ==",
      "dev": true,
      "license": "MIT",
      "engines": {
        "node": ">=10"
      }
    },
    "node_modules/lines-and-columns": {
      "version": "1.2.4",
      "resolved": "https://registry.npmjs.org/lines-and-columns/-/lines-and-columns-1.2.4.tgz",
      "integrity": "sha512-7ylylesZQ/PV29jhEDl3Ufjo6ZX7gCqJr5F7PKrqc93v7fzSymt1BpwEU8nAUXs8qzzvqhbjhK5QZg6Mt/HkBg==",
      "dev": true,
      "license": "MIT"
    },
    "node_modules/lru-cache": {
      "version": "10.4.3",
      "resolved": "https://registry.npmjs.org/lru-cache/-/lru-cache-10.4.3.tgz",
      "integrity": "sha512-JNAzZcXrCt42VGLuYz0zfAzDfAvJWW6AfYlDBQyDV5DClI2m5sAmK+OIO7s59XfsRsWHp02jAJrRadPRGTt6SQ==",
      "dev": true,
      "license": "ISC"
    },
    "node_modules/magic-string": {
      "version": "0.30.11",
      "resolved": "https://registry.npmjs.org/magic-string/-/magic-string-0.30.11.tgz",
      "integrity": "sha512-+Wri9p0QHMy+545hKww7YAu5NyzF8iomPL/RQazugQ9+Ez4Ic3mERMd8ZTX5rfK944j+560ZJi8iAwgak1Ac7A==",
      "license": "MIT",
      "dependencies": {
        "@jridgewell/sourcemap-codec": "^1.5.0"
      }
    },
    "node_modules/merge2": {
      "version": "1.4.1",
      "resolved": "https://registry.npmjs.org/merge2/-/merge2-1.4.1.tgz",
      "integrity": "sha512-8q7VEgMJW4J8tcfVPy8g09NcQwZdbwFEqhe/WZkoIzjn/3TGDwtOCYtXGxA3O8tPzpczCCDgv+P2P5y00ZJOOg==",
      "dev": true,
      "license": "MIT",
      "engines": {
        "node": ">= 8"
      }
    },
    "node_modules/micromatch": {
      "version": "4.0.8",
      "resolved": "https://registry.npmjs.org/micromatch/-/micromatch-4.0.8.tgz",
      "integrity": "sha512-PXwfBhYu0hBCPw8Dn0E+WDYb7af3dSLVWKi3HGv84IdF4TyFoC0ysxFd0Goxw7nSv4T/PzEJQxsYsEiFCKo2BA==",
      "dev": true,
      "license": "MIT",
      "dependencies": {
        "braces": "^3.0.3",
        "picomatch": "^2.3.1"
      },
      "engines": {
        "node": ">=8.6"
      }
    },
    "node_modules/minimatch": {
      "version": "9.0.5",
      "resolved": "https://registry.npmjs.org/minimatch/-/minimatch-9.0.5.tgz",
      "integrity": "sha512-G6T0ZX48xgozx7587koeX9Ys2NYy6Gmv//P89sEte9V9whIapMNF4idKxnW2QtCcLiTWlb/wfCabAtAFWhhBow==",
      "dev": true,
      "license": "ISC",
      "dependencies": {
        "brace-expansion": "^2.0.1"
      },
      "engines": {
        "node": ">=16 || 14 >=14.17"
      },
      "funding": {
        "url": "https://github.com/sponsors/isaacs"
      }
    },
    "node_modules/minipass": {
      "version": "7.1.2",
      "resolved": "https://registry.npmjs.org/minipass/-/minipass-7.1.2.tgz",
      "integrity": "sha512-qOOzS1cBTWYF4BH8fVePDBOO9iptMnGUEZwNc/cMWnTV2nVLZ7VoNWEPHkYczZA0pdoA7dl6e7FL659nX9S2aw==",
      "dev": true,
      "license": "ISC",
      "engines": {
        "node": ">=16 || 14 >=14.17"
      }
    },
    "node_modules/mz": {
      "version": "2.7.0",
      "resolved": "https://registry.npmjs.org/mz/-/mz-2.7.0.tgz",
      "integrity": "sha512-z81GNO7nnYMEhrGh9LeymoE4+Yr0Wn5McHIZMK5cfQCl+NDX08sCZgUc9/6MHni9IWuFLm1Z3HTCXu2z9fN62Q==",
      "dev": true,
      "license": "MIT",
      "dependencies": {
        "any-promise": "^1.0.0",
        "object-assign": "^4.0.1",
        "thenify-all": "^1.0.0"
      }
    },
    "node_modules/nanoid": {
      "version": "3.3.7",
      "resolved": "https://registry.npmjs.org/nanoid/-/nanoid-3.3.7.tgz",
      "integrity": "sha512-eSRppjcPIatRIMC1U6UngP8XFcz8MQWGQdt1MTBQ7NaAmvXDfvNxbvWV3x2y6CdEUciCSsDHDQZbhYaB8QEo2g==",
      "funding": [
        {
          "type": "github",
          "url": "https://github.com/sponsors/ai"
        }
      ],
      "license": "MIT",
      "bin": {
        "nanoid": "bin/nanoid.cjs"
      },
      "engines": {
        "node": "^10 || ^12 || ^13.7 || ^14 || >=15.0.1"
      }
    },
    "node_modules/node-releases": {
      "version": "2.0.18",
      "resolved": "https://registry.npmjs.org/node-releases/-/node-releases-2.0.18.tgz",
      "integrity": "sha512-d9VeXT4SJ7ZeOqGX6R5EM022wpL+eWPooLI+5UpWn2jCT1aosUQEhQP214x33Wkwx3JQMvIm+tIoVOdodFS40g==",
      "dev": true,
      "license": "MIT"
    },
    "node_modules/normalize-path": {
      "version": "3.0.0",
      "resolved": "https://registry.npmjs.org/normalize-path/-/normalize-path-3.0.0.tgz",
      "integrity": "sha512-6eZs5Ls3WtCisHWp9S2GUy8dqkpGi4BVSz3GaqiE6ezub0512ESztXUwUB6C6IKbQkY2Pnb/mD4WYojCRwcwLA==",
      "dev": true,
      "license": "MIT",
      "engines": {
        "node": ">=0.10.0"
      }
    },
    "node_modules/normalize-range": {
      "version": "0.1.2",
      "resolved": "https://registry.npmjs.org/normalize-range/-/normalize-range-0.1.2.tgz",
      "integrity": "sha512-bdok/XvKII3nUpklnV6P2hxtMNrCboOjAcyBuQnWEhO665FwrSNRxU+AqpsyvO6LgGYPspN+lu5CLtw4jPRKNA==",
      "dev": true,
      "license": "MIT",
      "engines": {
        "node": ">=0.10.0"
      }
    },
    "node_modules/object-assign": {
      "version": "4.1.1",
      "resolved": "https://registry.npmjs.org/object-assign/-/object-assign-4.1.1.tgz",
      "integrity": "sha512-rJgTQnkUnH1sFw8yT6VSU3zD3sWmu6sZhIseY8VX+GRu3P6F7Fu+JNDoXfklElbLJSnc3FUQHVe4cU5hj+BcUg==",
      "dev": true,
      "license": "MIT",
      "engines": {
        "node": ">=0.10.0"
      }
    },
    "node_modules/object-hash": {
      "version": "3.0.0",
      "resolved": "https://registry.npmjs.org/object-hash/-/object-hash-3.0.0.tgz",
      "integrity": "sha512-RSn9F68PjH9HqtltsSnqYC1XXoWe9Bju5+213R98cNGttag9q9yAOTzdbsqvIa7aNm5WffBZFpWYr2aWrklWAw==",
      "dev": true,
      "license": "MIT",
      "engines": {
        "node": ">= 6"
      }
    },
    "node_modules/package-json-from-dist": {
      "version": "1.0.0",
      "resolved": "https://registry.npmjs.org/package-json-from-dist/-/package-json-from-dist-1.0.0.tgz",
      "integrity": "sha512-dATvCeZN/8wQsGywez1mzHtTlP22H8OEfPrVMLNr4/eGa+ijtLn/6M5f0dY8UKNrC2O9UCU6SSoG3qRKnt7STw==",
      "dev": true,
      "license": "BlueOak-1.0.0"
    },
    "node_modules/path-key": {
      "version": "3.1.1",
      "resolved": "https://registry.npmjs.org/path-key/-/path-key-3.1.1.tgz",
      "integrity": "sha512-ojmeN0qd+y0jszEtoY48r0Peq5dwMEkIlCOu6Q5f41lfkswXuKtYrhgoTpLnyIcHm24Uhqx+5Tqm2InSwLhE6Q==",
      "dev": true,
      "license": "MIT",
      "engines": {
        "node": ">=8"
      }
    },
    "node_modules/path-parse": {
      "version": "1.0.7",
      "resolved": "https://registry.npmjs.org/path-parse/-/path-parse-1.0.7.tgz",
      "integrity": "sha512-LDJzPVEEEPR+y48z93A0Ed0yXb8pAByGWo/k5YYdYgpY2/2EsOsksJrq7lOHxryrVOn1ejG6oAp8ahvOIQD8sw==",
      "dev": true,
      "license": "MIT"
    },
    "node_modules/path-scurry": {
      "version": "1.11.1",
      "resolved": "https://registry.npmjs.org/path-scurry/-/path-scurry-1.11.1.tgz",
      "integrity": "sha512-Xa4Nw17FS9ApQFJ9umLiJS4orGjm7ZzwUrwamcGQuHSzDyth9boKDaycYdDcZDuqYATXw4HFXgaqWTctW/v1HA==",
      "dev": true,
      "license": "BlueOak-1.0.0",
      "dependencies": {
        "lru-cache": "^10.2.0",
        "minipass": "^5.0.0 || ^6.0.2 || ^7.0.0"
      },
      "engines": {
        "node": ">=16 || 14 >=14.18"
      },
      "funding": {
        "url": "https://github.com/sponsors/isaacs"
      }
    },
    "node_modules/picocolors": {
      "version": "1.0.1",
      "resolved": "https://registry.npmjs.org/picocolors/-/picocolors-1.0.1.tgz",
      "integrity": "sha512-anP1Z8qwhkbmu7MFP5iTt+wQKXgwzf7zTyGlcdzabySa9vd0Xt392U0rVmz9poOaBj0uHJKyyo9/upk0HrEQew==",
      "license": "ISC"
    },
    "node_modules/picomatch": {
      "version": "2.3.1",
      "resolved": "https://registry.npmjs.org/picomatch/-/picomatch-2.3.1.tgz",
      "integrity": "sha512-JU3teHTNjmE2VCGFzuY8EXzCDVwEqB2a8fsIvwaStHhAWJEeVd1o1QD80CU6+ZdEXXSLbSsuLwJjkCBWqRQUVA==",
      "dev": true,
      "license": "MIT",
      "engines": {
        "node": ">=8.6"
      },
      "funding": {
        "url": "https://github.com/sponsors/jonschlinkert"
      }
    },
    "node_modules/pify": {
      "version": "2.3.0",
      "resolved": "https://registry.npmjs.org/pify/-/pify-2.3.0.tgz",
      "integrity": "sha512-udgsAY+fTnvv7kI7aaxbqwWNb0AHiB0qBO89PZKPkoTmGOgdbrHDKD+0B2X4uTfJ/FT1R09r9gTsjUjNJotuog==",
      "dev": true,
      "license": "MIT",
      "engines": {
        "node": ">=0.10.0"
      }
    },
    "node_modules/pirates": {
      "version": "4.0.6",
      "resolved": "https://registry.npmjs.org/pirates/-/pirates-4.0.6.tgz",
      "integrity": "sha512-saLsH7WeYYPiD25LDuLRRY/i+6HaPYr6G1OUlN39otzkSTxKnubR9RTxS3/Kk50s1g2JTgFwWQDQyplC5/SHZg==",
      "dev": true,
      "license": "MIT",
      "engines": {
        "node": ">= 6"
      }
    },
    "node_modules/postcss": {
      "version": "8.4.41",
      "resolved": "https://registry.npmjs.org/postcss/-/postcss-8.4.41.tgz",
      "integrity": "sha512-TesUflQ0WKZqAvg52PWL6kHgLKP6xB6heTOdoYM0Wt2UHyxNa4K25EZZMgKns3BH1RLVbZCREPpLY0rhnNoHVQ==",
      "funding": [
        {
          "type": "opencollective",
          "url": "https://opencollective.com/postcss/"
        },
        {
          "type": "tidelift",
          "url": "https://tidelift.com/funding/github/npm/postcss"
        },
        {
          "type": "github",
          "url": "https://github.com/sponsors/ai"
        }
      ],
      "license": "MIT",
      "dependencies": {
        "nanoid": "^3.3.7",
        "picocolors": "^1.0.1",
        "source-map-js": "^1.2.0"
      },
      "engines": {
        "node": "^10 || ^12 || >=14"
      }
    },
    "node_modules/postcss-import": {
      "version": "15.1.0",
      "resolved": "https://registry.npmjs.org/postcss-import/-/postcss-import-15.1.0.tgz",
      "integrity": "sha512-hpr+J05B2FVYUAXHeK1YyI267J/dDDhMU6B6civm8hSY1jYJnBXxzKDKDswzJmtLHryrjhnDjqqp/49t8FALew==",
      "dev": true,
      "license": "MIT",
      "dependencies": {
        "postcss-value-parser": "^4.0.0",
        "read-cache": "^1.0.0",
        "resolve": "^1.1.7"
      },
      "engines": {
        "node": ">=14.0.0"
      },
      "peerDependencies": {
        "postcss": "^8.0.0"
      }
    },
    "node_modules/postcss-js": {
      "version": "4.0.1",
      "resolved": "https://registry.npmjs.org/postcss-js/-/postcss-js-4.0.1.tgz",
      "integrity": "sha512-dDLF8pEO191hJMtlHFPRa8xsizHaM82MLfNkUHdUtVEV3tgTp5oj+8qbEqYM57SLfc74KSbw//4SeJma2LRVIw==",
      "dev": true,
      "license": "MIT",
      "dependencies": {
        "camelcase-css": "^2.0.1"
      },
      "engines": {
        "node": "^12 || ^14 || >= 16"
      },
      "funding": {
        "type": "opencollective",
        "url": "https://opencollective.com/postcss/"
      },
      "peerDependencies": {
        "postcss": "^8.4.21"
      }
    },
    "node_modules/postcss-load-config": {
      "version": "4.0.2",
      "resolved": "https://registry.npmjs.org/postcss-load-config/-/postcss-load-config-4.0.2.tgz",
      "integrity": "sha512-bSVhyJGL00wMVoPUzAVAnbEoWyqRxkjv64tUl427SKnPrENtq6hJwUojroMz2VB+Q1edmi4IfrAPpami5VVgMQ==",
      "dev": true,
      "funding": [
        {
          "type": "opencollective",
          "url": "https://opencollective.com/postcss/"
        },
        {
          "type": "github",
          "url": "https://github.com/sponsors/ai"
        }
      ],
      "license": "MIT",
      "dependencies": {
        "lilconfig": "^3.0.0",
        "yaml": "^2.3.4"
      },
      "engines": {
        "node": ">= 14"
      },
      "peerDependencies": {
        "postcss": ">=8.0.9",
        "ts-node": ">=9.0.0"
      },
      "peerDependenciesMeta": {
        "postcss": {
          "optional": true
        },
        "ts-node": {
          "optional": true
        }
      }
    },
    "node_modules/postcss-load-config/node_modules/lilconfig": {
      "version": "3.1.2",
      "resolved": "https://registry.npmjs.org/lilconfig/-/lilconfig-3.1.2.tgz",
      "integrity": "sha512-eop+wDAvpItUys0FWkHIKeC9ybYrTGbU41U5K7+bttZZeohvnY7M9dZ5kB21GNWiFT2q1OoPTvncPCgSOVO5ow==",
      "dev": true,
      "license": "MIT",
      "engines": {
        "node": ">=14"
      },
      "funding": {
        "url": "https://github.com/sponsors/antonk52"
      }
    },
    "node_modules/postcss-nested": {
      "version": "6.2.0",
      "resolved": "https://registry.npmjs.org/postcss-nested/-/postcss-nested-6.2.0.tgz",
      "integrity": "sha512-HQbt28KulC5AJzG+cZtj9kvKB93CFCdLvog1WFLf1D+xmMvPGlBstkpTEZfK5+AN9hfJocyBFCNiqyS48bpgzQ==",
      "dev": true,
      "funding": [
        {
          "type": "opencollective",
          "url": "https://opencollective.com/postcss/"
        },
        {
          "type": "github",
          "url": "https://github.com/sponsors/ai"
        }
      ],
      "license": "MIT",
      "dependencies": {
        "postcss-selector-parser": "^6.1.1"
      },
      "engines": {
        "node": ">=12.0"
      },
      "peerDependencies": {
        "postcss": "^8.2.14"
      }
    },
    "node_modules/postcss-selector-parser": {
      "version": "6.1.2",
      "resolved": "https://registry.npmjs.org/postcss-selector-parser/-/postcss-selector-parser-6.1.2.tgz",
      "integrity": "sha512-Q8qQfPiZ+THO/3ZrOrO0cJJKfpYCagtMUkXbnEfmgUjwXg6z/WBeOyS9APBBPCTSiDV+s4SwQGu8yFsiMRIudg==",
      "dev": true,
      "license": "MIT",
      "dependencies": {
        "cssesc": "^3.0.0",
        "util-deprecate": "^1.0.2"
      },
      "engines": {
        "node": ">=4"
      }
    },
    "node_modules/postcss-value-parser": {
      "version": "4.2.0",
      "resolved": "https://registry.npmjs.org/postcss-value-parser/-/postcss-value-parser-4.2.0.tgz",
      "integrity": "sha512-1NNCs6uurfkVbeXG4S8JFT9t19m45ICnif8zWLd5oPSZ50QnwMfK+H3jv408d4jw/7Bttv5axS5IiHoLaVNHeQ==",
      "dev": true,
      "license": "MIT"
    },
    "node_modules/queue-microtask": {
      "version": "1.2.3",
      "resolved": "https://registry.npmjs.org/queue-microtask/-/queue-microtask-1.2.3.tgz",
      "integrity": "sha512-NuaNSa6flKT5JaSYQzJok04JzTL1CA6aGhv5rfLW3PgqA+M2ChpZQnAC8h8i4ZFkBS8X5RqkDBHA7r4hej3K9A==",
      "dev": true,
      "funding": [
        {
          "type": "github",
          "url": "https://github.com/sponsors/feross"
        },
        {
          "type": "patreon",
          "url": "https://www.patreon.com/feross"
        },
        {
          "type": "consulting",
          "url": "https://feross.org/support"
        }
      ],
      "license": "MIT"
    },
    "node_modules/read-cache": {
      "version": "1.0.0",
      "resolved": "https://registry.npmjs.org/read-cache/-/read-cache-1.0.0.tgz",
      "integrity": "sha512-Owdv/Ft7IjOgm/i0xvNDZ1LrRANRfew4b2prF3OWMQLxLfu3bS8FVhCsrSCMK4lR56Y9ya+AThoTpDCTxCmpRA==",
      "dev": true,
      "license": "MIT",
      "dependencies": {
        "pify": "^2.3.0"
      }
    },
    "node_modules/readdirp": {
      "version": "3.6.0",
      "resolved": "https://registry.npmjs.org/readdirp/-/readdirp-3.6.0.tgz",
      "integrity": "sha512-hOS089on8RduqdbhvQ5Z37A0ESjsqz6qnRcffsMU3495FuTdqSm+7bhJ29JvIOsBDEEnan5DPu9t3To9VRlMzA==",
      "dev": true,
      "license": "MIT",
      "dependencies": {
        "picomatch": "^2.2.1"
      },
      "engines": {
        "node": ">=8.10.0"
      }
    },
    "node_modules/resolve": {
      "version": "1.22.8",
      "resolved": "https://registry.npmjs.org/resolve/-/resolve-1.22.8.tgz",
      "integrity": "sha512-oKWePCxqpd6FlLvGV1VU0x7bkPmmCNolxzjMf4NczoDnQcIWrAF+cPtZn5i6n+RfD2d9i0tzpKnG6Yk168yIyw==",
      "dev": true,
      "license": "MIT",
      "dependencies": {
        "is-core-module": "^2.13.0",
        "path-parse": "^1.0.7",
        "supports-preserve-symlinks-flag": "^1.0.0"
      },
      "bin": {
        "resolve": "bin/resolve"
      },
      "funding": {
        "url": "https://github.com/sponsors/ljharb"
      }
    },
    "node_modules/reusify": {
      "version": "1.0.4",
      "resolved": "https://registry.npmjs.org/reusify/-/reusify-1.0.4.tgz",
      "integrity": "sha512-U9nH88a3fc/ekCF1l0/UP1IosiuIjyTh7hBvXVMHYgVcfGvt897Xguj2UOLDeI5BG2m7/uwyaLVT6fbtCwTyzw==",
      "dev": true,
      "license": "MIT",
      "engines": {
        "iojs": ">=1.0.0",
        "node": ">=0.10.0"
      }
    },
    "node_modules/rollup": {
      "version": "4.21.1",
      "resolved": "https://registry.npmjs.org/rollup/-/rollup-4.21.1.tgz",
      "integrity": "sha512-ZnYyKvscThhgd3M5+Qt3pmhO4jIRR5RGzaSovB6Q7rGNrK5cUncrtLmcTTJVSdcKXyZjW8X8MB0JMSuH9bcAJg==",
      "dev": true,
      "license": "MIT",
      "dependencies": {
        "@types/estree": "1.0.5"
      },
      "bin": {
        "rollup": "dist/bin/rollup"
      },
      "engines": {
        "node": ">=18.0.0",
        "npm": ">=8.0.0"
      },
      "optionalDependencies": {
        "@rollup/rollup-android-arm-eabi": "4.21.1",
        "@rollup/rollup-android-arm64": "4.21.1",
        "@rollup/rollup-darwin-arm64": "4.21.1",
        "@rollup/rollup-darwin-x64": "4.21.1",
        "@rollup/rollup-linux-arm-gnueabihf": "4.21.1",
        "@rollup/rollup-linux-arm-musleabihf": "4.21.1",
        "@rollup/rollup-linux-arm64-gnu": "4.21.1",
        "@rollup/rollup-linux-arm64-musl": "4.21.1",
        "@rollup/rollup-linux-powerpc64le-gnu": "4.21.1",
        "@rollup/rollup-linux-riscv64-gnu": "4.21.1",
        "@rollup/rollup-linux-s390x-gnu": "4.21.1",
        "@rollup/rollup-linux-x64-gnu": "4.21.1",
        "@rollup/rollup-linux-x64-musl": "4.21.1",
        "@rollup/rollup-win32-arm64-msvc": "4.21.1",
        "@rollup/rollup-win32-ia32-msvc": "4.21.1",
        "@rollup/rollup-win32-x64-msvc": "4.21.1",
        "fsevents": "~2.3.2"
      }
    },
    "node_modules/run-parallel": {
      "version": "1.2.0",
      "resolved": "https://registry.npmjs.org/run-parallel/-/run-parallel-1.2.0.tgz",
      "integrity": "sha512-5l4VyZR86LZ/lDxZTR6jqL8AFE2S0IFLMP26AbjsLVADxHdhB/c0GUsH+y39UfCi3dzz8OlQuPmnaJOMoDHQBA==",
      "dev": true,
      "funding": [
        {
          "type": "github",
          "url": "https://github.com/sponsors/feross"
        },
        {
          "type": "patreon",
          "url": "https://www.patreon.com/feross"
        },
        {
          "type": "consulting",
          "url": "https://feross.org/support"
        }
      ],
      "license": "MIT",
      "dependencies": {
        "queue-microtask": "^1.2.2"
      }
    },
    "node_modules/shebang-command": {
      "version": "2.0.0",
      "resolved": "https://registry.npmjs.org/shebang-command/-/shebang-command-2.0.0.tgz",
      "integrity": "sha512-kHxr2zZpYtdmrN1qDjrrX/Z1rR1kG8Dx+gkpK1G4eXmvXswmcE1hTWBWYUzlraYw1/yZp6YuDY77YtvbN0dmDA==",
      "dev": true,
      "license": "MIT",
      "dependencies": {
        "shebang-regex": "^3.0.0"
      },
      "engines": {
        "node": ">=8"
      }
    },
    "node_modules/shebang-regex": {
      "version": "3.0.0",
      "resolved": "https://registry.npmjs.org/shebang-regex/-/shebang-regex-3.0.0.tgz",
      "integrity": "sha512-7++dFhtcx3353uBaq8DDR4NuxBetBzC7ZQOhmTQInHEd6bSrXdiEyzCvG07Z44UYdLShWUyXt5M/yhz8ekcb1A==",
      "dev": true,
      "license": "MIT",
      "engines": {
        "node": ">=8"
      }
    },
    "node_modules/signal-exit": {
      "version": "4.1.0",
      "resolved": "https://registry.npmjs.org/signal-exit/-/signal-exit-4.1.0.tgz",
      "integrity": "sha512-bzyZ1e88w9O1iNJbKnOlvYTrWPDl46O1bG0D3XInv+9tkPrxrN8jUUTiFlDkkmKWgn1M6CfIA13SuGqOa9Korw==",
      "dev": true,
      "license": "ISC",
      "engines": {
        "node": ">=14"
      },
      "funding": {
        "url": "https://github.com/sponsors/isaacs"
      }
    },
    "node_modules/source-map-js": {
      "version": "1.2.0",
      "resolved": "https://registry.npmjs.org/source-map-js/-/source-map-js-1.2.0.tgz",
      "integrity": "sha512-itJW8lvSA0TXEphiRoawsCksnlf8SyvmFzIhltqAHluXd88pkCd+cXJVHTDwdCr0IzwptSm035IHQktUu1QUMg==",
      "license": "BSD-3-Clause",
      "engines": {
        "node": ">=0.10.0"
      }
    },
    "node_modules/string-width": {
      "version": "5.1.2",
      "resolved": "https://registry.npmjs.org/string-width/-/string-width-5.1.2.tgz",
      "integrity": "sha512-HnLOCR3vjcY8beoNLtcjZ5/nxn2afmME6lhrDrebokqMap+XbeW8n9TXpPDOqdGK5qcI3oT0GKTW6wC7EMiVqA==",
      "dev": true,
      "license": "MIT",
      "dependencies": {
        "eastasianwidth": "^0.2.0",
        "emoji-regex": "^9.2.2",
        "strip-ansi": "^7.0.1"
      },
      "engines": {
        "node": ">=12"
      },
      "funding": {
        "url": "https://github.com/sponsors/sindresorhus"
      }
    },
    "node_modules/string-width-cjs": {
      "name": "string-width",
      "version": "4.2.3",
      "resolved": "https://registry.npmjs.org/string-width/-/string-width-4.2.3.tgz",
      "integrity": "sha512-wKyQRQpjJ0sIp62ErSZdGsjMJWsap5oRNihHhu6G7JVO/9jIB6UyevL+tXuOqrng8j/cxKTWyWUwvSTriiZz/g==",
      "dev": true,
      "license": "MIT",
      "dependencies": {
        "emoji-regex": "^8.0.0",
        "is-fullwidth-code-point": "^3.0.0",
        "strip-ansi": "^6.0.1"
      },
      "engines": {
        "node": ">=8"
      }
    },
    "node_modules/string-width-cjs/node_modules/ansi-regex": {
      "version": "5.0.1",
      "resolved": "https://registry.npmjs.org/ansi-regex/-/ansi-regex-5.0.1.tgz",
      "integrity": "sha512-quJQXlTSUGL2LH9SUXo8VwsY4soanhgo6LNSm84E1LBcE8s3O0wpdiRzyR9z/ZZJMlMWv37qOOb9pdJlMUEKFQ==",
      "dev": true,
      "license": "MIT",
      "engines": {
        "node": ">=8"
      }
    },
    "node_modules/string-width-cjs/node_modules/emoji-regex": {
      "version": "8.0.0",
      "resolved": "https://registry.npmjs.org/emoji-regex/-/emoji-regex-8.0.0.tgz",
      "integrity": "sha512-MSjYzcWNOA0ewAHpz0MxpYFvwg6yjy1NG3xteoqz644VCo/RPgnr1/GGt+ic3iJTzQ8Eu3TdM14SawnVUmGE6A==",
      "dev": true,
      "license": "MIT"
    },
    "node_modules/string-width-cjs/node_modules/strip-ansi": {
      "version": "6.0.1",
      "resolved": "https://registry.npmjs.org/strip-ansi/-/strip-ansi-6.0.1.tgz",
      "integrity": "sha512-Y38VPSHcqkFrCpFnQ9vuSXmquuv5oXOKpGeT6aGrr3o3Gc9AlVa6JBfUSOCnbxGGZF+/0ooI7KrPuUSztUdU5A==",
      "dev": true,
      "license": "MIT",
      "dependencies": {
        "ansi-regex": "^5.0.1"
      },
      "engines": {
        "node": ">=8"
      }
    },
    "node_modules/strip-ansi": {
      "version": "7.1.0",
      "resolved": "https://registry.npmjs.org/strip-ansi/-/strip-ansi-7.1.0.tgz",
      "integrity": "sha512-iq6eVVI64nQQTRYq2KtEg2d2uU7LElhTJwsH4YzIHZshxlgZms/wIc4VoDQTlG/IvVIrBKG06CrZnp0qv7hkcQ==",
      "dev": true,
      "license": "MIT",
      "dependencies": {
        "ansi-regex": "^6.0.1"
      },
      "engines": {
        "node": ">=12"
      },
      "funding": {
        "url": "https://github.com/chalk/strip-ansi?sponsor=1"
      }
    },
    "node_modules/strip-ansi-cjs": {
      "name": "strip-ansi",
      "version": "6.0.1",
      "resolved": "https://registry.npmjs.org/strip-ansi/-/strip-ansi-6.0.1.tgz",
      "integrity": "sha512-Y38VPSHcqkFrCpFnQ9vuSXmquuv5oXOKpGeT6aGrr3o3Gc9AlVa6JBfUSOCnbxGGZF+/0ooI7KrPuUSztUdU5A==",
      "dev": true,
      "license": "MIT",
      "dependencies": {
        "ansi-regex": "^5.0.1"
      },
      "engines": {
        "node": ">=8"
      }
    },
    "node_modules/strip-ansi-cjs/node_modules/ansi-regex": {
      "version": "5.0.1",
      "resolved": "https://registry.npmjs.org/ansi-regex/-/ansi-regex-5.0.1.tgz",
      "integrity": "sha512-quJQXlTSUGL2LH9SUXo8VwsY4soanhgo6LNSm84E1LBcE8s3O0wpdiRzyR9z/ZZJMlMWv37qOOb9pdJlMUEKFQ==",
      "dev": true,
      "license": "MIT",
      "engines": {
        "node": ">=8"
      }
    },
    "node_modules/sucrase": {
      "version": "3.35.0",
      "resolved": "https://registry.npmjs.org/sucrase/-/sucrase-3.35.0.tgz",
      "integrity": "sha512-8EbVDiu9iN/nESwxeSxDKe0dunta1GOlHufmSSXxMD2z2/tMZpDMpvXQGsc+ajGo8y2uYUmixaSRUc/QPoQ0GA==",
      "dev": true,
      "license": "MIT",
      "dependencies": {
        "@jridgewell/gen-mapping": "^0.3.2",
        "commander": "^4.0.0",
        "glob": "^10.3.10",
        "lines-and-columns": "^1.1.6",
        "mz": "^2.7.0",
        "pirates": "^4.0.1",
        "ts-interface-checker": "^0.1.9"
      },
      "bin": {
        "sucrase": "bin/sucrase",
        "sucrase-node": "bin/sucrase-node"
      },
      "engines": {
        "node": ">=16 || 14 >=14.17"
      }
    },
    "node_modules/supports-preserve-symlinks-flag": {
      "version": "1.0.0",
      "resolved": "https://registry.npmjs.org/supports-preserve-symlinks-flag/-/supports-preserve-symlinks-flag-1.0.0.tgz",
      "integrity": "sha512-ot0WnXS9fgdkgIcePe6RHNk1WA8+muPa6cSjeR3V8K27q9BB1rTE3R1p7Hv0z1ZyAc8s6Vvv8DIyWf681MAt0w==",
      "dev": true,
      "license": "MIT",
      "engines": {
        "node": ">= 0.4"
      },
      "funding": {
        "url": "https://github.com/sponsors/ljharb"
      }
    },
    "node_modules/tailwindcss": {
      "version": "3.4.10",
      "resolved": "https://registry.npmjs.org/tailwindcss/-/tailwindcss-3.4.10.tgz",
      "integrity": "sha512-KWZkVPm7yJRhdu4SRSl9d4AK2wM3a50UsvgHZO7xY77NQr2V+fIrEuoDGQcbvswWvFGbS2f6e+jC/6WJm1Dl0w==",
      "dev": true,
      "license": "MIT",
      "dependencies": {
        "@alloc/quick-lru": "^5.2.0",
        "arg": "^5.0.2",
        "chokidar": "^3.5.3",
        "didyoumean": "^1.2.2",
        "dlv": "^1.1.3",
        "fast-glob": "^3.3.0",
        "glob-parent": "^6.0.2",
        "is-glob": "^4.0.3",
        "jiti": "^1.21.0",
        "lilconfig": "^2.1.0",
        "micromatch": "^4.0.5",
        "normalize-path": "^3.0.0",
        "object-hash": "^3.0.0",
        "picocolors": "^1.0.0",
        "postcss": "^8.4.23",
        "postcss-import": "^15.1.0",
        "postcss-js": "^4.0.1",
        "postcss-load-config": "^4.0.1",
        "postcss-nested": "^6.0.1",
        "postcss-selector-parser": "^6.0.11",
        "resolve": "^1.22.2",
        "sucrase": "^3.32.0"
      },
      "bin": {
        "tailwind": "lib/cli.js",
        "tailwindcss": "lib/cli.js"
      },
      "engines": {
        "node": ">=14.0.0"
      }
    },
    "node_modules/thenify": {
      "version": "3.3.1",
      "resolved": "https://registry.npmjs.org/thenify/-/thenify-3.3.1.tgz",
      "integrity": "sha512-RVZSIV5IG10Hk3enotrhvz0T9em6cyHBLkH/YAZuKqd8hRkKhSfCGIcP2KUY0EPxndzANBmNllzWPwak+bheSw==",
      "dev": true,
      "license": "MIT",
      "dependencies": {
        "any-promise": "^1.0.0"
      }
    },
    "node_modules/thenify-all": {
      "version": "1.6.0",
      "resolved": "https://registry.npmjs.org/thenify-all/-/thenify-all-1.6.0.tgz",
      "integrity": "sha512-RNxQH/qI8/t3thXJDwcstUO4zeqo64+Uy/+sNVRBx4Xn2OX+OZ9oP+iJnNFqplFra2ZUVeKCSa2oVWi3T4uVmA==",
      "dev": true,
      "license": "MIT",
      "dependencies": {
        "thenify": ">= 3.1.0 < 4"
      },
      "engines": {
        "node": ">=0.8"
      }
    },
    "node_modules/to-fast-properties": {
      "version": "2.0.0",
      "resolved": "https://registry.npmjs.org/to-fast-properties/-/to-fast-properties-2.0.0.tgz",
      "integrity": "sha512-/OaKK0xYrs3DmxRYqL/yDc+FxFUVYhDlXMhRmv3z915w2HF1tnN1omB354j8VUGO/hbRzyD6Y3sA7v7GS/ceog==",
      "license": "MIT",
      "engines": {
        "node": ">=4"
      }
    },
    "node_modules/to-regex-range": {
      "version": "5.0.1",
      "resolved": "https://registry.npmjs.org/to-regex-range/-/to-regex-range-5.0.1.tgz",
      "integrity": "sha512-65P7iz6X5yEr1cwcgvQxbbIw7Uk3gOy5dIdtZ4rDveLqhrdJP+Li/Hx6tyK0NEb+2GCyneCMJiGqrADCSNk8sQ==",
      "dev": true,
      "license": "MIT",
      "dependencies": {
        "is-number": "^7.0.0"
      },
      "engines": {
        "node": ">=8.0"
      }
    },
    "node_modules/ts-interface-checker": {
      "version": "0.1.13",
      "resolved": "https://registry.npmjs.org/ts-interface-checker/-/ts-interface-checker-0.1.13.tgz",
      "integrity": "sha512-Y/arvbn+rrz3JCKl9C4kVNfTfSm2/mEp5FSz5EsZSANGPSlQrpRI5M4PKF+mJnE52jOO90PnPSc3Ur3bTQw0gA==",
      "dev": true,
      "license": "Apache-2.0"
    },
    "node_modules/update-browserslist-db": {
      "version": "1.1.0",
      "resolved": "https://registry.npmjs.org/update-browserslist-db/-/update-browserslist-db-1.1.0.tgz",
      "integrity": "sha512-EdRAaAyk2cUE1wOf2DkEhzxqOQvFOoRJFNS6NeyJ01Gp2beMRpBAINjM2iDXE3KCuKhwnvHIQCJm6ThL2Z+HzQ==",
      "dev": true,
      "funding": [
        {
          "type": "opencollective",
          "url": "https://opencollective.com/browserslist"
        },
        {
          "type": "tidelift",
          "url": "https://tidelift.com/funding/github/npm/browserslist"
        },
        {
          "type": "github",
          "url": "https://github.com/sponsors/ai"
        }
      ],
      "license": "MIT",
      "dependencies": {
        "escalade": "^3.1.2",
        "picocolors": "^1.0.1"
      },
      "bin": {
        "update-browserslist-db": "cli.js"
      },
      "peerDependencies": {
        "browserslist": ">= 4.21.0"
      }
    },
    "node_modules/util-deprecate": {
      "version": "1.0.2",
      "resolved": "https://registry.npmjs.org/util-deprecate/-/util-deprecate-1.0.2.tgz",
      "integrity": "sha512-EPD5q1uXyFxJpCrLnCc1nHnq3gOa6DZBocAIiI2TaSCA7VCJ1UJDMagCzIkXNsUYfD1daK//LTEQ8xiIbrHtcw==",
      "dev": true,
      "license": "MIT"
    },
    "node_modules/vite": {
      "version": "5.4.2",
      "resolved": "https://registry.npmjs.org/vite/-/vite-5.4.2.tgz",
      "integrity": "sha512-dDrQTRHp5C1fTFzcSaMxjk6vdpKvT+2/mIdE07Gw2ykehT49O0z/VHS3zZ8iV/Gh8BJJKHWOe5RjaNrW5xf/GA==",
      "dev": true,
      "license": "MIT",
      "dependencies": {
        "esbuild": "^0.21.3",
        "postcss": "^8.4.41",
        "rollup": "^4.20.0"
      },
      "bin": {
        "vite": "bin/vite.js"
      },
      "engines": {
        "node": "^18.0.0 || >=20.0.0"
      },
      "funding": {
        "url": "https://github.com/vitejs/vite?sponsor=1"
      },
      "optionalDependencies": {
        "fsevents": "~2.3.3"
      },
      "peerDependencies": {
        "@types/node": "^18.0.0 || >=20.0.0",
        "less": "*",
        "lightningcss": "^1.21.0",
        "sass": "*",
        "sass-embedded": "*",
        "stylus": "*",
        "sugarss": "*",
        "terser": "^5.4.0"
      },
      "peerDependenciesMeta": {
        "@types/node": {
          "optional": true
        },
        "less": {
          "optional": true
        },
        "lightningcss": {
          "optional": true
        },
        "sass": {
          "optional": true
        },
        "sass-embedded": {
          "optional": true
        },
        "stylus": {
          "optional": true
        },
        "sugarss": {
          "optional": true
        },
        "terser": {
          "optional": true
        }
      }
    },
    "node_modules/vue": {
      "version": "3.4.38",
      "resolved": "https://registry.npmjs.org/vue/-/vue-3.4.38.tgz",
      "integrity": "sha512-f0ZgN+mZ5KFgVv9wz0f4OgVKukoXtS3nwET4c2vLBGQR50aI8G0cqbFtLlX9Yiyg3LFGBitruPHt2PxwTduJEw==",
      "license": "MIT",
      "dependencies": {
        "@vue/compiler-dom": "3.4.38",
        "@vue/compiler-sfc": "3.4.38",
        "@vue/runtime-dom": "3.4.38",
        "@vue/server-renderer": "3.4.38",
        "@vue/shared": "3.4.38"
      },
      "peerDependencies": {
        "typescript": "*"
      },
      "peerDependenciesMeta": {
        "typescript": {
          "optional": true
        }
      }
    },
    "node_modules/vue-router": {
      "version": "4.4.3",
      "resolved": "https://registry.npmjs.org/vue-router/-/vue-router-4.4.3.tgz",
      "integrity": "sha512-sv6wmNKx2j3aqJQDMxLFzs/u/mjA9Z5LCgy6BE0f7yFWMjrPLnS/sPNn8ARY/FXw6byV18EFutn5lTO6+UsV5A==",
      "license": "MIT",
      "dependencies": {
        "@vue/devtools-api": "^6.6.3"
      },
      "funding": {
        "url": "https://github.com/sponsors/posva"
      },
      "peerDependencies": {
        "vue": "^3.2.0"
      }
    },
    "node_modules/which": {
      "version": "2.0.2",
      "resolved": "https://registry.npmjs.org/which/-/which-2.0.2.tgz",
      "integrity": "sha512-BLI3Tl1TW3Pvl70l3yq3Y64i+awpwXqsGBYWkkqMtnbXgrMD+yj7rhW0kuEDxzJaYXGjEW5ogapKNMEKNMjibA==",
      "dev": true,
      "license": "ISC",
      "dependencies": {
        "isexe": "^2.0.0"
      },
      "bin": {
        "node-which": "bin/node-which"
      },
      "engines": {
        "node": ">= 8"
      }
    },
    "node_modules/wrap-ansi": {
      "version": "8.1.0",
      "resolved": "https://registry.npmjs.org/wrap-ansi/-/wrap-ansi-8.1.0.tgz",
      "integrity": "sha512-si7QWI6zUMq56bESFvagtmzMdGOtoxfR+Sez11Mobfc7tm+VkUckk9bW2UeffTGVUbOksxmSw0AA2gs8g71NCQ==",
      "dev": true,
      "license": "MIT",
      "dependencies": {
        "ansi-styles": "^6.1.0",
        "string-width": "^5.0.1",
        "strip-ansi": "^7.0.1"
      },
      "engines": {
        "node": ">=12"
      },
      "funding": {
        "url": "https://github.com/chalk/wrap-ansi?sponsor=1"
      }
    },
    "node_modules/wrap-ansi-cjs": {
      "name": "wrap-ansi",
      "version": "7.0.0",
      "resolved": "https://registry.npmjs.org/wrap-ansi/-/wrap-ansi-7.0.0.tgz",
      "integrity": "sha512-YVGIj2kamLSTxw6NsZjoBxfSwsn0ycdesmc4p+Q21c5zPuZ1pl+NfxVdxPtdHvmNVOQ6XSYG4AUtyt/Fi7D16Q==",
      "dev": true,
      "license": "MIT",
      "dependencies": {
        "ansi-styles": "^4.0.0",
        "string-width": "^4.1.0",
        "strip-ansi": "^6.0.0"
      },
      "engines": {
        "node": ">=10"
      },
      "funding": {
        "url": "https://github.com/chalk/wrap-ansi?sponsor=1"
      }
    },
    "node_modules/wrap-ansi-cjs/node_modules/ansi-regex": {
      "version": "5.0.1",
      "resolved": "https://registry.npmjs.org/ansi-regex/-/ansi-regex-5.0.1.tgz",
      "integrity": "sha512-quJQXlTSUGL2LH9SUXo8VwsY4soanhgo6LNSm84E1LBcE8s3O0wpdiRzyR9z/ZZJMlMWv37qOOb9pdJlMUEKFQ==",
      "dev": true,
      "license": "MIT",
      "engines": {
        "node": ">=8"
      }
    },
    "node_modules/wrap-ansi-cjs/node_modules/ansi-styles": {
      "version": "4.3.0",
      "resolved": "https://registry.npmjs.org/ansi-styles/-/ansi-styles-4.3.0.tgz",
      "integrity": "sha512-zbB9rCJAT1rbjiVDb2hqKFHNYLxgtk8NURxZ3IZwD3F6NtxbXZQCnnSi1Lkx+IDohdPlFp222wVALIheZJQSEg==",
      "dev": true,
      "license": "MIT",
      "dependencies": {
        "color-convert": "^2.0.1"
      },
      "engines": {
        "node": ">=8"
      },
      "funding": {
        "url": "https://github.com/chalk/ansi-styles?sponsor=1"
      }
    },
    "node_modules/wrap-ansi-cjs/node_modules/emoji-regex": {
      "version": "8.0.0",
      "resolved": "https://registry.npmjs.org/emoji-regex/-/emoji-regex-8.0.0.tgz",
      "integrity": "sha512-MSjYzcWNOA0ewAHpz0MxpYFvwg6yjy1NG3xteoqz644VCo/RPgnr1/GGt+ic3iJTzQ8Eu3TdM14SawnVUmGE6A==",
      "dev": true,
      "license": "MIT"
    },
    "node_modules/wrap-ansi-cjs/node_modules/string-width": {
      "version": "4.2.3",
      "resolved": "https://registry.npmjs.org/string-width/-/string-width-4.2.3.tgz",
      "integrity": "sha512-wKyQRQpjJ0sIp62ErSZdGsjMJWsap5oRNihHhu6G7JVO/9jIB6UyevL+tXuOqrng8j/cxKTWyWUwvSTriiZz/g==",
      "dev": true,
      "license": "MIT",
      "dependencies": {
        "emoji-regex": "^8.0.0",
        "is-fullwidth-code-point": "^3.0.0",
        "strip-ansi": "^6.0.1"
      },
      "engines": {
        "node": ">=8"
      }
    },
    "node_modules/wrap-ansi-cjs/node_modules/strip-ansi": {
      "version": "6.0.1",
      "resolved": "https://registry.npmjs.org/strip-ansi/-/strip-ansi-6.0.1.tgz",
      "integrity": "sha512-Y38VPSHcqkFrCpFnQ9vuSXmquuv5oXOKpGeT6aGrr3o3Gc9AlVa6JBfUSOCnbxGGZF+/0ooI7KrPuUSztUdU5A==",
      "dev": true,
      "license": "MIT",
      "dependencies": {
        "ansi-regex": "^5.0.1"
      },
      "engines": {
        "node": ">=8"
      }
    },
    "node_modules/yaml": {
      "version": "2.5.0",
      "resolved": "https://registry.npmjs.org/yaml/-/yaml-2.5.0.tgz",
      "integrity": "sha512-2wWLbGbYDiSqqIKoPjar3MPgB94ErzCtrNE1FdqGuaO0pi2JGjmE8aW8TDZwzU7vuxcGRdL/4gPQwQ7hD5AMSw==",
      "dev": true,
      "license": "ISC",
      "bin": {
        "yaml": "bin.mjs"
      },
      "engines": {
        "node": ">= 14"
      }
    }
  }
}
